project,run_id,run_name,display_name,state,created_at,updated_at,compute_seconds,tags,job_type,sweep_name,wandb_url,config/_wandb,config/batch_size,config/epochs,config/grad_clip_max_norm,config/model,config/model_name,config/num_classes,config/num_workers,config/optimizer,config/optimizer_params,config/scheduler,config/track_flops,config/wandb_enabled,config/wandb_project,metric/_runtime,metric/_step,metric/_timestamp,metric/_wandb/runtime,metric/confusion_matrix,metric/cumulative_gflops,metric/epoch,metric/forward_gflops,metric/fwd_bwd_gflops,metric/lr,metric/params_M,metric/per_class_metrics,metric/per_epoch_gflops,metric/roc_curves,metric/test_acc,metric/test_f1_macro,metric/test_loss,metric/total_train_gflops,metric/train_acc,metric/train_loss,metric/val_acc,metric/val_loss
DSMaT-LungCancer,UnVuOnYxOjF4YmR3dzMzOkRTTWFULUx1bmdDYW5jZXI6dGFobWlkdWxrYXNoZmkxNS1pbnRlcm5hdGlvbmFsLWlzbGFtaWMtdW5pdmVyc2l0eS1jaGl0dGFnb25n,1xbdww33,DepthWiseMamba-Pico,finished,2026-02-11T15:11:51Z,2026-02-11T15:14:44Z,165,,,,https://wandb.ai/tahmidulkashfi15-international-islamic-university-chittagong/DSMaT-LungCancer/runs/1xbdww33,"{'e': {'po4sujxzlzm1l3cfo818qd4atdtlmbmm': {'os': 'Linux-6.6.113+-x86_64-with-glibc2.35', 'gpu': 'Tesla T4', 'disk': {'/': {'used': '7125035528192', 'total': '8656922775552'}}, 'host': '5291a8268bf3', 'root': '/kaggle/working', 'email': '<redacted>', 'memory': {'total': '33662472192'}, 'python': 'CPython 3.12.12', 'program': 'kaggle.ipynb', 'codePath': 'kaggle.ipynb', 'writerId': 'po4sujxzlzm1l3cfo818qd4atdtlmbmm', 'cpu_count': 2, 'gpu_count': 2, 'startedAt': '2026-02-11T15:11:45.988407Z', 'executable': '/usr/bin/python3', 'gpu_nvidia': [{'name': 'Tesla T4', 'uuid': 'GPU-23859d0e-86a6-a36f-a0a9-5d38dbebc70c', 'cudaCores': 2560, 'memoryTotal': '16106127360', 'architecture': 'Turing'}, {'name': 'Tesla T4', 'uuid': 'GPU-4cf53404-4800-bf26-f3d3-0b5012a29e31', 'cudaCores': 2560, 'memoryTotal': '16106127360', 'architecture': 'Turing'}], 'cudaVersion': '13.0', 'cpu_count_logical': 4}}, 'm': [], 't': {'1': [1, 5, 41, 49, 53, 80, 105], '2': [1, 5, 41, 49, 53, 80, 105], '3': [2, 13, 16], '4': '3.12.12', '5': '0.24.2', '8': [1, 2, 12], '12': '0.24.2', '13': 'linux-x86_64'}, 'cli_version': '0.24.2', 'python_version': '3.12.12'}",64,50,1,"{'DepthWiseMamba-Pico': {'dropout': 0.4, 'sa_heads': [4, 4], 'mlp_expand': 2, 'stage_depths': [1, 1, 2, 2], 'stem_channels': [16, 32], 'stage_channels': [48, 96, 128, 192]}, 'DepthwiseMamba-Nano': {'dropout': 0.4, 'sa_heads': [4, 4], 'mlp_expand': 3, 'stage_depths': [1, 2, 2, 2], 'stem_channels': [24, 48], 'stage_channels': [64, 128, 192, 256]}}",DepthWiseMamba-Pico,3,4,Adam,"{'lr': 5e-05, 'weight_decay': 0.001}",,True,True,DSMaT-LungCancer,170,53,1770822882.9233687,170,"{""path"": ""media/images/confusion_matrix_51_5098b71953254960401b.png"", ""size"": 29850, ""_type"": ""image-file"", ""width"": 700, ""format"": ""png"", ""height"": 500, ""sha256"": ""5098b71953254960401bcd61fbb48925c326a80632c83e7c80b0e05653a62800""}",0,50,0.0694,0.2082,5e-05,0.84,"{""path"": ""media/table/per_class_metrics_53_594103610144f67852e2.table.json"", ""size"": 370, ""_type"": ""table-file"", ""ncols"": 5, ""nrows"": 3, ""sha256"": ""594103610144f67852e243d52290b619611560c7b709e583fb2a069355a52c8f"", ""log_mode"": ""IMMUTABLE"", ""artifact_path"": ""wandb-client-artifact://33uylsif3tbugw6pwsr989khfqi3jfvr8pff9arhdjg54gpv2w93jkjsr10d2a1gt7gyp48ddl76xqpb5riohrgctaai5gy1vb3svua68hdz28duj7jm4e2mjs15igdn/per_class_metrics.table.json"", ""_latest_artifact_path"": ""wandb-client-artifact://2t60w37c3zn8nbsfyi96gopwgzhf98hhsnfqdb4mes8rqlfjw8iajbsbzl2af3zrkeevx685an25o4troq3wikfhplhnwmsum2kcc80y24dicgi4fkglcp815q8741ra:latest/per_class_metrics.table.json""}",0,"{""path"": ""media/images/roc_curves_52_d511ef999409dad5d63e.png"", ""size"": 37094, ""_type"": ""image-file"", ""width"": 700, ""format"": ""png"", ""height"": 500, ""sha256"": ""d511ef999409dad5d63e67d063cdac74486282547ad3a314fae275e9b7813431""}",0.8303030303030303,0.7856321839080461,0.4127974970774217,0,0.7102272727272727,0.6502851356159557,0.8242424242424242,0.45383786793911096
DSMaT-LungCancer,UnVuOnYxOnU2M3FhcTU5OkRTTWFULUx1bmdDYW5jZXI6dGFobWlkdWxrYXNoZmkxNS1pbnRlcm5hdGlvbmFsLWlzbGFtaWMtdW5pdmVyc2l0eS1jaGl0dGFnb25n,u63qaq59,DepthWiseMamba-Pico,finished,2026-02-11T15:11:22Z,2026-02-11T15:11:27Z,2,,,,https://wandb.ai/tahmidulkashfi15-international-islamic-university-chittagong/DSMaT-LungCancer/runs/u63qaq59,"{'e': {'3kqf5rdne0p6vlb2xxscg5xr03epybby': {'os': 'Linux-6.6.113+-x86_64-with-glibc2.35', 'gpu': 'Tesla T4', 'disk': {'/': {'used': '7125035286528', 'total': '8656922775552'}}, 'host': '5291a8268bf3', 'root': '/kaggle/working', 'email': '<redacted>', 'memory': {'total': '33662472192'}, 'python': 'CPython 3.12.12', 'program': 'kaggle.ipynb', 'codePath': 'kaggle.ipynb', 'writerId': '3kqf5rdne0p6vlb2xxscg5xr03epybby', 'cpu_count': 2, 'gpu_count': 2, 'startedAt': '2026-02-11T15:11:16.561263Z', 'executable': '/usr/bin/python3', 'gpu_nvidia': [{'name': 'Tesla T4', 'uuid': 'GPU-23859d0e-86a6-a36f-a0a9-5d38dbebc70c', 'cudaCores': 2560, 'memoryTotal': '16106127360', 'architecture': 'Turing'}, {'name': 'Tesla T4', 'uuid': 'GPU-4cf53404-4800-bf26-f3d3-0b5012a29e31', 'cudaCores': 2560, 'memoryTotal': '16106127360', 'architecture': 'Turing'}], 'cudaVersion': '13.0', 'cpu_count_logical': 4}}, 'm': [], 't': {'1': [1, 5, 41, 49, 53, 80, 105], '2': [1, 5, 41, 49, 53, 80, 105], '3': [2, 13, 16], '4': '3.12.12', '5': '0.24.2', '8': [1, 2, 12], '12': '0.24.2', '13': 'linux-x86_64'}, 'cli_version': '0.24.2', 'python_version': '3.12.12'}",64,50,1,"{'DepthWiseMamba-Pico': {'dropout': 0.4, 'sa_heads': [4, 4], 'mlp_expand': 2, 'stage_depths': [1, 1, 2, 2], 'stem_channels': [16, 32], 'stage_channels': [48, 96, 128, 192]}, 'DepthwiseMamba-Nano': {'dropout': 0.4, 'sa_heads': [4, 4], 'mlp_expand': 3, 'stage_depths': [1, 2, 2, 2], 'stem_channels': [24, 48], 'stage_channels': [64, 128, 192, 256]}}",DepthWiseMamba-Pico,3,4,Adam,"{'lr': 5e-05, 'weight_decay': 0.001}",,True,True,DSMaT-LungCancer,2,3,1770822685.7210658,2,"{""path"": ""media/images/confusion_matrix_1_17627ef9120cca216d5b.png"", ""size"": 31022, ""_type"": ""image-file"", ""width"": 700, ""format"": ""png"", ""height"": 500, ""sha256"": ""17627ef9120cca216d5b7847f526d9d352e182d389bea92aaef61f7ab61f1d43""}",,,0.0694,0.2082,,0.84,"{""path"": ""media/table/per_class_metrics_3_232b165a7d175e2e9c51.table.json"", ""size"": 312, ""_type"": ""table-file"", ""ncols"": 5, ""nrows"": 3, ""sha256"": ""232b165a7d175e2e9c5144be714a9fdf2457c2bc31241b5e19ffd1f115f5f61b"", ""log_mode"": ""IMMUTABLE"", ""artifact_path"": ""wandb-client-artifact://ijprdg8veu25zhosbnbcqeq07krgg0nezc3dz7b55es62eg2bjqpohqjxm1h1ej4oy7vkjkptwz16qzq67vsaq4m78vdm9xgm5qp5kq02uljb3iyqy8lelfdwtqno0rt/per_class_metrics.table.json"", ""_latest_artifact_path"": ""wandb-client-artifact://lwf8gjj9xe1wrm80hwyaoxx9godb9pisi2qojm9mvm1ypz8mefa5ytz77jss0ymzne9igrwbnp1zm4rq7anra8ppkfdx5cei3fyqj7w5z1udrv2r0p7y69cy3vwt3mpd:latest/per_class_metrics.table.json""}",,"{""path"": ""media/images/roc_curves_2_95d73b3ea1079109848d.png"", ""size"": 35924, ""_type"": ""image-file"", ""width"": 700, ""format"": ""png"", ""height"": 500, ""sha256"": ""95d73b3ea1079109848d87c3c03394cf9031e00db4f341bf04179f1e0d560401""}",0.9393939393939394,0.9219657136597657,0.1795635369690982,0,,,,
DSMaT-LungCancer,UnVuOnYxOmVzb3EwbnMzOkRTTWFULUx1bmdDYW5jZXI6dGFobWlkdWxrYXNoZmkxNS1pbnRlcm5hdGlvbmFsLWlzbGFtaWMtdW5pdmVyc2l0eS1jaGl0dGFnb25n,esoq0ns3,DepthWiseMamba-Pico,finished,2026-02-11T14:58:10Z,2026-02-11T14:58:15Z,3,,,,https://wandb.ai/tahmidulkashfi15-international-islamic-university-chittagong/DSMaT-LungCancer/runs/esoq0ns3,"{'e': {'1jj9f0hdtwma95ymc3iw7ki8a7e15hm5': {'os': 'Linux-6.6.113+-x86_64-with-glibc2.35', 'gpu': 'Tesla T4', 'disk': {'/': {'used': '7125035130880', 'total': '8656922775552'}}, 'host': '5291a8268bf3', 'root': '/kaggle/working', 'email': '<redacted>', 'memory': {'total': '33662472192'}, 'python': 'CPython 3.12.12', 'program': 'kaggle.ipynb', 'codePath': 'kaggle.ipynb', 'writerId': '1jj9f0hdtwma95ymc3iw7ki8a7e15hm5', 'cpu_count': 2, 'gpu_count': 2, 'startedAt': '2026-02-11T14:58:04.358115Z', 'executable': '/usr/bin/python3', 'gpu_nvidia': [{'name': 'Tesla T4', 'uuid': 'GPU-23859d0e-86a6-a36f-a0a9-5d38dbebc70c', 'cudaCores': 2560, 'memoryTotal': '16106127360', 'architecture': 'Turing'}, {'name': 'Tesla T4', 'uuid': 'GPU-4cf53404-4800-bf26-f3d3-0b5012a29e31', 'cudaCores': 2560, 'memoryTotal': '16106127360', 'architecture': 'Turing'}], 'cudaVersion': '13.0', 'cpu_count_logical': 4}}, 'm': [], 't': {'1': [1, 5, 41, 49, 53, 80, 105], '2': [1, 5, 41, 49, 53, 80, 105], '3': [2, 13, 16], '4': '3.12.12', '5': '0.24.2', '8': [1, 2, 12], '12': '0.24.2', '13': 'linux-x86_64'}, 'cli_version': '0.24.2', 'python_version': '3.12.12'}",64,50,1,"{'DepthWiseMamba-Pico': {'dropout': 0.2, 'sa_heads': [4, 4], 'mlp_expand': 2, 'stage_depths': [1, 1, 2, 2], 'stem_channels': [16, 32], 'stage_channels': [48, 96, 128, 192]}, 'DepthwiseMamba-Nano': {'dropout': 0.4, 'sa_heads': [4, 4], 'mlp_expand': 3, 'stage_depths': [1, 2, 2, 2], 'stem_channels': [24, 48], 'stage_channels': [64, 128, 192, 256]}}",DepthWiseMamba-Pico,3,4,Adam,"{'lr': 0.0001, 'weight_decay': 0.001}",,True,True,DSMaT-LungCancer,3,3,1770821894.2231386,3,"{""path"": ""media/images/confusion_matrix_1_17627ef9120cca216d5b.png"", ""size"": 31022, ""_type"": ""image-file"", ""width"": 700, ""format"": ""png"", ""height"": 500, ""sha256"": ""17627ef9120cca216d5b7847f526d9d352e182d389bea92aaef61f7ab61f1d43""}",,,0.0694,0.2082,,0.84,"{""path"": ""media/table/per_class_metrics_3_232b165a7d175e2e9c51.table.json"", ""size"": 312, ""_type"": ""table-file"", ""ncols"": 5, ""nrows"": 3, ""sha256"": ""232b165a7d175e2e9c5144be714a9fdf2457c2bc31241b5e19ffd1f115f5f61b"", ""log_mode"": ""IMMUTABLE"", ""artifact_path"": ""wandb-client-artifact://oysgpk0a9ry2dn1pt6mebrq3ukis9vw7ysgrqlfw2jyn7vqaff9dl0xqcw6bresb2t6dpyp70nag18bon6zodyrtyhuce0rqowg466ys7pb8vtnvkk2kkm4lhe4ou6i6/per_class_metrics.table.json"", ""_latest_artifact_path"": ""wandb-client-artifact://lhx8v64w0eh4k54w0jnvdu82dovkjjs3b1yqd2po2icy6s4baudxzlkl7bt2m706gykgx30y1194i94bnohsf2hx1qjw003iwcn6v47z7bp6nycs25rizn93k8ebfwke:latest/per_class_metrics.table.json""}",,"{""path"": ""media/images/roc_curves_2_95d73b3ea1079109848d.png"", ""size"": 35924, ""_type"": ""image-file"", ""width"": 700, ""format"": ""png"", ""height"": 500, ""sha256"": ""95d73b3ea1079109848d87c3c03394cf9031e00db4f341bf04179f1e0d560401""}",0.9393939393939394,0.9219657136597657,0.1795635369690982,0,,,,
DSMaT-LungCancer,UnVuOnYxOjFjczZlcXowOkRTTWFULUx1bmdDYW5jZXI6dGFobWlkdWxrYXNoZmkxNS1pbnRlcm5hdGlvbmFsLWlzbGFtaWMtdW5pdmVyc2l0eS1jaGl0dGFnb25n,1cs6eqz0,DepthWiseMamba-Pico,finished,2026-02-11T14:56:17Z,2026-02-11T14:58:04Z,0,,,,https://wandb.ai/tahmidulkashfi15-international-islamic-university-chittagong/DSMaT-LungCancer/runs/1cs6eqz0,"{'e': {'60t3osrao89l412482onbt5sciqyteos': {'os': 'Linux-6.6.113+-x86_64-with-glibc2.35', 'gpu': 'Tesla T4', 'disk': {'/': {'used': '7125035044864', 'total': '8656922775552'}}, 'host': '5291a8268bf3', 'root': '/kaggle/working', 'email': '<redacted>', 'memory': {'total': '33662472192'}, 'python': 'CPython 3.12.12', 'program': 'kaggle.ipynb', 'codePath': 'kaggle.ipynb', 'writerId': '60t3osrao89l412482onbt5sciqyteos', 'cpu_count': 2, 'gpu_count': 2, 'startedAt': '2026-02-11T14:56:11.202311Z', 'executable': '/usr/bin/python3', 'gpu_nvidia': [{'name': 'Tesla T4', 'uuid': 'GPU-23859d0e-86a6-a36f-a0a9-5d38dbebc70c', 'cudaCores': 2560, 'memoryTotal': '16106127360', 'architecture': 'Turing'}, {'name': 'Tesla T4', 'uuid': 'GPU-4cf53404-4800-bf26-f3d3-0b5012a29e31', 'cudaCores': 2560, 'memoryTotal': '16106127360', 'architecture': 'Turing'}], 'cudaVersion': '13.0', 'cpu_count_logical': 4}}, 'm': [], 't': {'1': [1, 5, 41, 49, 53, 80, 105], '2': [1, 5, 41, 49, 53, 80, 105], '3': [2, 13, 16], '4': '3.12.12', '5': '0.24.2', '8': [1, 2, 12], '12': '0.24.2', '13': 'linux-x86_64'}, 'cli_version': '0.24.2', 'python_version': '3.12.12'}",64,50,1,"{'DepthWiseMamba-Pico': {'dropout': 0.2, 'sa_heads': [4, 4], 'mlp_expand': 2, 'stage_depths': [1, 1, 2, 2], 'stem_channels': [16, 32], 'stage_channels': [48, 96, 128, 192]}, 'DepthwiseMamba-Nano': {'dropout': 0.4, 'sa_heads': [4, 4], 'mlp_expand': 3, 'stage_depths': [1, 2, 2, 2], 'stem_channels': [24, 48], 'stage_channels': [64, 128, 192, 256]}}",DepthWiseMamba-Pico,3,4,Adam,"{'lr': 0.0001, 'weight_decay': 0.001}",,True,True,DSMaT-LungCancer,106,,,106,,,,,,,,,,,,,,,,,,
DSMaT-LungCancer,UnVuOnYxOjI0Z3hndmp4OkRTTWFULUx1bmdDYW5jZXI6dGFobWlkdWxrYXNoZmkxNS1pbnRlcm5hdGlvbmFsLWlzbGFtaWMtdW5pdmVyc2l0eS1jaGl0dGFnb25n,24gxgvjx,DepthWiseMamba-Pico,finished,2026-02-11T14:55:49Z,2026-02-11T14:56:11Z,20,,,,https://wandb.ai/tahmidulkashfi15-international-islamic-university-chittagong/DSMaT-LungCancer/runs/24gxgvjx,"{'e': {'whrvc29r4ofrwabnaaf5svssjn17axku': {'os': 'Linux-6.6.113+-x86_64-with-glibc2.35', 'gpu': 'Tesla T4', 'disk': {'/': {'used': '7125034971136', 'total': '8656922775552'}}, 'host': '5291a8268bf3', 'root': '/kaggle/working', 'email': '<redacted>', 'memory': {'total': '33662472192'}, 'python': 'CPython 3.12.12', 'program': 'kaggle.ipynb', 'codePath': 'kaggle.ipynb', 'writerId': 'whrvc29r4ofrwabnaaf5svssjn17axku', 'cpu_count': 2, 'gpu_count': 2, 'startedAt': '2026-02-11T14:55:43.046074Z', 'executable': '/usr/bin/python3', 'gpu_nvidia': [{'name': 'Tesla T4', 'uuid': 'GPU-23859d0e-86a6-a36f-a0a9-5d38dbebc70c', 'cudaCores': 2560, 'memoryTotal': '16106127360', 'architecture': 'Turing'}, {'name': 'Tesla T4', 'uuid': 'GPU-4cf53404-4800-bf26-f3d3-0b5012a29e31', 'cudaCores': 2560, 'memoryTotal': '16106127360', 'architecture': 'Turing'}], 'cudaVersion': '13.0', 'cpu_count_logical': 4}}, 'm': [], 't': {'1': [1, 5, 41, 49, 53, 80, 105], '2': [1, 5, 41, 49, 53, 80, 105], '3': [2, 13, 16], '4': '3.12.12', '5': '0.24.2', '8': [1, 2, 12], '12': '0.24.2', '13': 'linux-x86_64'}, 'cli_version': '0.24.2', 'python_version': '3.12.12'}",64,50,1,"{'DepthWiseMamba-Pico': {'dropout': 0.2, 'sa_heads': [4, 4], 'mlp_expand': 2, 'stage_depths': [1, 1, 2, 2], 'stem_channels': [16, 32], 'stage_channels': [48, 96, 128, 192]}, 'DepthwiseMamba-Nano': {'dropout': 0.4, 'sa_heads': [4, 4], 'mlp_expand': 3, 'stage_depths': [1, 2, 2, 2], 'stem_channels': [24, 48], 'stage_channels': [64, 128, 192, 256]}}",DepthWiseMamba-Pico,3,4,Adam,"{'lr': 0.0001, 'weight_decay': 0.001}",,True,True,DSMaT-LungCancer,20,,,20,,,,,,,,,,,,,,,,,,
DSMaT-LungCancer,UnVuOnYxOmExNGEybHpyOkRTTWFULUx1bmdDYW5jZXI6dGFobWlkdWxrYXNoZmkxNS1pbnRlcm5hdGlvbmFsLWlzbGFtaWMtdW5pdmVyc2l0eS1jaGl0dGFnb25n,a14a2lzr,DepthWiseMamba-Pico,finished,2026-02-11T14:42:28Z,2026-02-11T14:55:43Z,793,,,,https://wandb.ai/tahmidulkashfi15-international-islamic-university-chittagong/DSMaT-LungCancer/runs/a14a2lzr,"{'e': {'7ung3mhuo0rgqjkosz7jzrkvzi8ziez8': {'os': 'Linux-6.6.113+-x86_64-with-glibc2.35', 'gpu': 'Tesla T4', 'disk': {'/': {'used': '7125034852352', 'total': '8656922775552'}}, 'host': '5291a8268bf3', 'root': '/kaggle/working', 'email': '<redacted>', 'memory': {'total': '33662472192'}, 'python': 'CPython 3.12.12', 'program': 'kaggle.ipynb', 'codePath': 'kaggle.ipynb', 'writerId': '7ung3mhuo0rgqjkosz7jzrkvzi8ziez8', 'cpu_count': 2, 'gpu_count': 2, 'startedAt': '2026-02-11T14:42:22.375705Z', 'executable': '/usr/bin/python3', 'gpu_nvidia': [{'name': 'Tesla T4', 'uuid': 'GPU-23859d0e-86a6-a36f-a0a9-5d38dbebc70c', 'cudaCores': 2560, 'memoryTotal': '16106127360', 'architecture': 'Turing'}, {'name': 'Tesla T4', 'uuid': 'GPU-4cf53404-4800-bf26-f3d3-0b5012a29e31', 'cudaCores': 2560, 'memoryTotal': '16106127360', 'architecture': 'Turing'}], 'cudaVersion': '13.0', 'cpu_count_logical': 4}}, 'm': [], 't': {'1': [1, 5, 41, 49, 53, 80, 105], '2': [1, 5, 41, 49, 53, 80, 105], '3': [2, 13, 16], '4': '3.12.12', '5': '0.24.2', '8': [1, 2, 12], '12': '0.24.2', '13': 'linux-x86_64'}, 'cli_version': '0.24.2', 'python_version': '3.12.12'}",64,50,1,"{'DepthWiseMamba-Pico': {'dropout': 0.2, 'sa_heads': [4, 4], 'mlp_expand': 2, 'stage_depths': [1, 1, 2, 2], 'stem_channels': [16, 32], 'stage_channels': [48, 96, 128, 192]}, 'DepthwiseMamba-Nano': {'dropout': 0.4, 'sa_heads': [4, 4], 'mlp_expand': 3, 'stage_depths': [1, 2, 2, 2], 'stem_channels': [24, 48], 'stage_channels': [64, 128, 192, 256]}}",DepthWiseMamba-Pico,3,4,Adam,"{'lr': 0.0001, 'weight_decay': 0.001}",,True,True,DSMaT-LungCancer,793,49,1770821122.9476185,793,,0,50,,,0.0001,,,0,,,,,,0.8224431818181818,0.43997256593270734,0.9151515151515152,0.3024894447037668
DSMaT-LungCancer,UnVuOnYxOnN1ejdjMWQ1OkRTTWFULUx1bmdDYW5jZXI6dGFobWlkdWxrYXNoZmkxNS1pbnRlcm5hdGlvbmFsLWlzbGFtaWMtdW5pdmVyc2l0eS1jaGl0dGFnb25n,suz7c1d5,DepthWiseMamba-Pico,finished,2026-02-11T14:37:38Z,2026-02-11T14:42:22Z,0,,,,https://wandb.ai/tahmidulkashfi15-international-islamic-university-chittagong/DSMaT-LungCancer/runs/suz7c1d5,"{'e': {'6b9sl9eu9aocl27tu5wlprk19n1jlgk5': {'os': 'Linux-6.6.113+-x86_64-with-glibc2.35', 'gpu': 'Tesla T4', 'disk': {'/': {'used': '7125032284160', 'total': '8656922775552'}}, 'host': '5291a8268bf3', 'root': '/kaggle/working', 'email': '<redacted>', 'memory': {'total': '33662472192'}, 'python': 'CPython 3.12.12', 'program': 'kaggle.ipynb', 'codePath': 'kaggle.ipynb', 'writerId': '6b9sl9eu9aocl27tu5wlprk19n1jlgk5', 'cpu_count': 2, 'gpu_count': 2, 'startedAt': '2026-02-11T14:37:31.986832Z', 'executable': '/usr/bin/python3', 'gpu_nvidia': [{'name': 'Tesla T4', 'uuid': 'GPU-23859d0e-86a6-a36f-a0a9-5d38dbebc70c', 'cudaCores': 2560, 'memoryTotal': '16106127360', 'architecture': 'Turing'}, {'name': 'Tesla T4', 'uuid': 'GPU-4cf53404-4800-bf26-f3d3-0b5012a29e31', 'cudaCores': 2560, 'memoryTotal': '16106127360', 'architecture': 'Turing'}], 'cudaVersion': '13.0', 'cpu_count_logical': 4}}, 'm': [], 't': {'1': [1, 5, 41, 49, 53, 80, 105], '2': [1, 5, 41, 49, 53, 80, 105], '3': [2, 13, 16], '4': '3.12.12', '5': '0.24.2', '8': [1, 2, 12], '12': '0.24.2', '13': 'linux-x86_64'}, 'cli_version': '0.24.2', 'python_version': '3.12.12'}",64,50,1,"{'DepthWiseMamba-Pico': {'dropout': 0.2, 'sa_heads': [4, 4], 'mlp_expand': 2, 'stage_depths': [1, 1, 2, 2], 'stem_channels': [16, 32], 'stage_channels': [48, 96, 128, 192]}, 'DepthwiseMamba-Nano': {'dropout': 0.4, 'sa_heads': [4, 4], 'mlp_expand': 3, 'stage_depths': [1, 2, 2, 2], 'stem_channels': [24, 48], 'stage_channels': [64, 128, 192, 256]}}",DepthWiseMamba-Pico,3,4,Adam,"{'lr': 0.0001, 'weight_decay': 0.001}",,True,True,DSMaT-LungCancer,283,,,283,,,,,,,,,,,,,,,,,,
DSMaT-LungCancer,UnVuOnYxOml5c3J3Yjk2OkRTTWFULUx1bmdDYW5jZXI6dGFobWlkdWxrYXNoZmkxNS1pbnRlcm5hdGlvbmFsLWlzbGFtaWMtdW5pdmVyc2l0eS1jaGl0dGFnb25n,iysrwb96,DepthWiseMamba-Pico,finished,2026-02-11T08:29:08Z,2026-02-11T08:34:39Z,325,,,,https://wandb.ai/tahmidulkashfi15-international-islamic-university-chittagong/DSMaT-LungCancer/runs/iysrwb96,"{'e': {'at8ksqz14k1p6q1vucqn5ep05pntz2jh': {'os': 'Linux-6.6.113+-x86_64-with-glibc2.35', 'gpu': 'Tesla T4', 'disk': {'/': {'used': '7125028945920', 'total': '8656922775552'}}, 'host': '85352973e0f3', 'root': '/kaggle/working', 'email': '<redacted>', 'memory': {'total': '33662472192'}, 'python': 'CPython 3.12.12', 'program': 'kaggle.ipynb', 'codePath': 'kaggle.ipynb', 'writerId': 'at8ksqz14k1p6q1vucqn5ep05pntz2jh', 'cpu_count': 2, 'gpu_count': 2, 'startedAt': '2026-02-11T08:29:02.600492Z', 'executable': '/usr/bin/python3', 'gpu_nvidia': [{'name': 'Tesla T4', 'uuid': 'GPU-02291867-86a1-3f6b-1bc7-730a5acc7011', 'cudaCores': 2560, 'memoryTotal': '16106127360', 'architecture': 'Turing'}, {'name': 'Tesla T4', 'uuid': 'GPU-62843bde-e8d9-eb40-6643-85a369a1ad26', 'cudaCores': 2560, 'memoryTotal': '16106127360', 'architecture': 'Turing'}], 'cudaVersion': '13.0', 'cpu_count_logical': 4}}, 'm': [], 't': {'1': [1, 5, 41, 53, 105], '2': [1, 5, 41, 53, 105], '3': [13, 16], '4': '3.12.12', '5': '0.24.2', '8': [1, 2, 12], '12': '0.24.2', '13': 'linux-x86_64'}, 'cli_version': '0.24.2', 'python_version': '3.12.12'}",64,50,1,"{'DepthWiseMamba-Pico': {'dropout': 0.2, 'sa_heads': [4, 4], 'mlp_expand': 2, 'stage_depths': [1, 1, 2, 2], 'stem_channels': [16, 32], 'stage_channels': [48, 96, 128, 192]}, 'DepthwiseMamba-Nano': {'dropout': 0.4, 'sa_heads': [4, 4], 'mlp_expand': 3, 'stage_depths': [1, 2, 2, 2], 'stem_channels': [24, 48], 'stage_channels': [64, 128, 192, 256]}}",DepthWiseMamba-Pico,,4,Adam,"{'lr': 0.0001, 'weight_decay': 0.001}",,,True,DSMaT-LungCancer,330,48,1770798874.9858956,330,,,49,,,0.0001,,,,,,,,,0.8005215123859192,0.5290279617676368,0.8272727272727273,0.483210228248076
DSMaT-LungCancer,UnVuOnYxOnB0MXd0aWY3OkRTTWFULUx1bmdDYW5jZXI6dGFobWlkdWxrYXNoZmkxNS1pbnRlcm5hdGlvbmFsLWlzbGFtaWMtdW5pdmVyc2l0eS1jaGl0dGFnb25n,pt1wtif7,DepthWiseMamba-Pico,finished,2026-02-10T17:50:32Z,2026-02-10T18:07:08Z,972,,,,https://wandb.ai/tahmidulkashfi15-international-islamic-university-chittagong/DSMaT-LungCancer/runs/pt1wtif7,"{'e': {'h24mn73irfct8063l0cegyy8acnt9ykb': {'os': 'Linux-6.6.113+-x86_64-with-glibc2.35', 'gpu': 'Tesla T4', 'disk': {'/': {'used': '7125033431040', 'total': '8656922775552'}}, 'host': '83028ea2b374', 'root': '/kaggle/working', 'email': '<redacted>', 'memory': {'total': '33662472192'}, 'python': 'CPython 3.12.12', 'program': 'kaggle.ipynb', 'codePath': 'kaggle.ipynb', 'writerId': 'h24mn73irfct8063l0cegyy8acnt9ykb', 'cpu_count': 2, 'gpu_count': 2, 'startedAt': '2026-02-10T17:50:26.851898Z', 'executable': '/usr/bin/python3', 'gpu_nvidia': [{'name': 'Tesla T4', 'uuid': 'GPU-f1210d1d-7d6c-7ee3-931f-d5f4403986a0', 'cudaCores': 2560, 'memoryTotal': '16106127360', 'architecture': 'Turing'}, {'name': 'Tesla T4', 'uuid': 'GPU-588db133-7add-5dd3-d0a5-48daf78fc7d7', 'cudaCores': 2560, 'memoryTotal': '16106127360', 'architecture': 'Turing'}], 'cudaVersion': '13.0', 'cpu_count_logical': 4}}, 'm': [], 't': {'1': [1, 5, 41, 53, 105], '2': [1, 5, 41, 53, 105], '3': [2, 13, 16], '4': '3.12.12', '5': '0.24.2', '8': [1, 2, 12], '12': '0.24.2', '13': 'linux-x86_64'}, 'cli_version': '0.24.2', 'python_version': '3.12.12'}",64,50,1,"{'DepthWiseMamba-Pico': {'dropout': 0.2, 'sa_heads': [4, 4], 'mlp_expand': 2, 'stage_depths': [1, 1, 2, 2], 'stem_channels': [16, 32], 'stage_channels': [48, 96, 128, 192]}, 'DepthwiseMamba-Nano': {'dropout': 0.4, 'sa_heads': [4, 4], 'mlp_expand': 3, 'stage_depths': [1, 2, 2, 2], 'stem_channels': [24, 48], 'stage_channels': [64, 128, 192, 256]}}",DepthWiseMamba-Pico,,4,Adam,"{'lr': 0.0001, 'weight_decay': 0.001}",,,True,DSMaT-LungCancer,994,53,1770746827.3405712,994,"{""path"": ""media/images/confusion_matrix_51_e0dddc8b8dc56a8d86bc.png"", ""size"": 27615, ""_type"": ""image-file"", ""width"": 700, ""format"": ""png"", ""height"": 500, ""sha256"": ""e0dddc8b8dc56a8d86bc537d39f1054e2684156cc9fa16dd0a1e3a8d66b32cb3""}",,50,,,0.0001,,"{""path"": ""media/table/per_class_metrics_53_4b226f0300d458cfbc46.table.json"", ""size"": 292, ""_type"": ""table-file"", ""ncols"": 5, ""nrows"": 3, ""sha256"": ""4b226f0300d458cfbc4662e8c8a9edbedcbe081077cbd2b8801474a1eba9c332"", ""log_mode"": ""IMMUTABLE"", ""artifact_path"": ""wandb-client-artifact://0o3pdcgllgvujj1e8wjaz0w26jdtti08yq4wk7qap7w26c7tssbgzoo8fnv86ubc1mrfiddb44erb75jz7ehkze10exmltl82jktbxsjee2vrvqo6ncvpflf10xt6fao/per_class_metrics.table.json"", ""_latest_artifact_path"": ""wandb-client-artifact://muc3l415ftqmf3ck1hspe1wjpcb5eebel2kpj496bau8dn7lzqn31om2wgmtnrhmoqzf00zha4kbaet9n2vq8yhf90desut19fpzh46h7hu0bxdmbxtgbfdls6sequxm:latest/per_class_metrics.table.json""}",,"{""path"": ""media/images/roc_curves_52_ee066634b3513284d8a8.png"", ""size"": 34719, ""_type"": ""image-file"", ""width"": 700, ""format"": ""png"", ""height"": 500, ""sha256"": ""ee066634b3513284d8a898c6b9643910235a68aabd1d1e0efca327a483d65f2d""}",0.8020565552699229,0.8075654592904873,0.7256471921901092,,0.9762976297629764,0.06740741793381827,0.875,0.5202963997920355
DSMaT-LungCancer,UnVuOnYxOjFhdmRvYzh2OkRTTWFULUx1bmdDYW5jZXI6dGFobWlkdWxrYXNoZmkxNS1pbnRlcm5hdGlvbmFsLWlzbGFtaWMtdW5pdmVyc2l0eS1jaGl0dGFnb25n,1avdoc8v,DepthWiseMamba-Pico,finished,2026-02-10T17:49:45Z,2026-02-10T17:49:50Z,3,,,,https://wandb.ai/tahmidulkashfi15-international-islamic-university-chittagong/DSMaT-LungCancer/runs/1avdoc8v,"{'e': {'7cdndsapn5gbziv6ewsph2amoigi42xk': {'os': 'Linux-6.6.113+-x86_64-with-glibc2.35', 'gpu': 'Tesla T4', 'disk': {'/': {'used': '7125033349120', 'total': '8656922775552'}}, 'host': '83028ea2b374', 'root': '/kaggle/working', 'email': '<redacted>', 'memory': {'total': '33662472192'}, 'python': 'CPython 3.12.12', 'program': 'kaggle.ipynb', 'codePath': 'kaggle.ipynb', 'writerId': '7cdndsapn5gbziv6ewsph2amoigi42xk', 'cpu_count': 2, 'gpu_count': 2, 'startedAt': '2026-02-10T17:49:39.334380Z', 'executable': '/usr/bin/python3', 'gpu_nvidia': [{'name': 'Tesla T4', 'uuid': 'GPU-f1210d1d-7d6c-7ee3-931f-d5f4403986a0', 'cudaCores': 2560, 'memoryTotal': '16106127360', 'architecture': 'Turing'}, {'name': 'Tesla T4', 'uuid': 'GPU-588db133-7add-5dd3-d0a5-48daf78fc7d7', 'cudaCores': 2560, 'memoryTotal': '16106127360', 'architecture': 'Turing'}], 'cudaVersion': '13.0', 'cpu_count_logical': 4}}, 'm': [], 't': {'1': [1, 5, 41, 53, 105], '2': [1, 5, 41, 53, 105], '3': [2, 13, 16], '4': '3.12.12', '5': '0.24.2', '8': [1, 2, 12], '12': '0.24.2', '13': 'linux-x86_64'}, 'cli_version': '0.24.2', 'python_version': '3.12.12'}",64,50,1,"{'DepthWiseMamba-Pico': {'dropout': 0.2, 'sa_heads': [4, 4], 'mlp_expand': 2, 'stage_depths': [1, 1, 2, 2], 'stem_channels': [16, 32], 'stage_channels': [48, 96, 128, 192]}, 'DepthwiseMamba-Nano': {'dropout': 0.4, 'sa_heads': [4, 4], 'mlp_expand': 3, 'stage_depths': [1, 2, 2, 2], 'stem_channels': [24, 48], 'stage_channels': [64, 128, 192, 256]}}",DepthWiseMamba-Pico,,4,Adam,"{'lr': 0.0001, 'weight_decay': 0.001}",,,True,DSMaT-LungCancer,3,3,1770745789.2862597,3,"{""path"": ""media/images/confusion_matrix_1_a28f3cbd6661ab149a01.png"", ""size"": 27025, ""_type"": ""image-file"", ""width"": 700, ""format"": ""png"", ""height"": 500, ""sha256"": ""a28f3cbd6661ab149a01b66a7b412b18878d6b219d87b51c941ff2b2fcef8556""}",,,,,,,"{""path"": ""media/table/per_class_metrics_3_06696422210fa055a86c.table.json"", ""size"": 294, ""_type"": ""table-file"", ""ncols"": 5, ""nrows"": 3, ""sha256"": ""06696422210fa055a86c13e3c47a699e4104337e7a33626ef78c349c2d203204"", ""log_mode"": ""IMMUTABLE"", ""artifact_path"": ""wandb-client-artifact://058je7zy8mhjwmatd3kjvgw92wwkll1uwsdaoyvjys4tbln0dxo3yzkmfnj6jtgf7uhay6d65wnbve1zbjjecqprfzskk9k6jpg1pfalgtm2i0wr17vp860wylg42p16/per_class_metrics.table.json"", ""_latest_artifact_path"": ""wandb-client-artifact://2e8gxl0gu2tvafrn9zpmfkpuntepuserj4w3sx73hj34bk5bwywb0jpbl2fv18v4aoh1n3zrnjnu5j5mrbv5okarw0qb4lb7ps9t54otwvg10d07a1i7y05dpw21970v:latest/per_class_metrics.table.json""}",,"{""path"": ""media/images/roc_curves_2_9cc4fde7d7380ad90182.png"", ""size"": 36778, ""_type"": ""image-file"", ""width"": 700, ""format"": ""png"", ""height"": 500, ""sha256"": ""9cc4fde7d7380ad901829c53e45c851eb2634d1211fbb2d0974a8b9841d0d6cf""}",0.7583547557840618,0.6237905472694653,0.4728022491449256,,,,,
DSMaT-LungCancer,UnVuOnYxOmtrb3RlMnQ0OkRTTWFULUx1bmdDYW5jZXI6dGFobWlkdWxrYXNoZmkxNS1pbnRlcm5hdGlvbmFsLWlzbGFtaWMtdW5pdmVyc2l0eS1jaGl0dGFnb25n,kkote2t4,DepthWiseMamba-Pico,finished,2026-02-10T17:25:09Z,2026-02-10T17:49:39Z,1469,,,,https://wandb.ai/tahmidulkashfi15-international-islamic-university-chittagong/DSMaT-LungCancer/runs/kkote2t4,"{'e': {'5hp7xv2fd7wuimpu03bbpkwzcifp1io4': {'os': 'Linux-6.6.113+-x86_64-with-glibc2.35', 'gpu': 'Tesla T4', 'disk': {'/': {'used': '7125030289408', 'total': '8656922775552'}}, 'host': '83028ea2b374', 'root': '/kaggle/working', 'email': '<redacted>', 'memory': {'total': '33662472192'}, 'python': 'CPython 3.12.12', 'program': 'kaggle.ipynb', 'codePath': 'kaggle.ipynb', 'writerId': '5hp7xv2fd7wuimpu03bbpkwzcifp1io4', 'cpu_count': 2, 'gpu_count': 2, 'startedAt': '2026-02-10T17:25:03.322784Z', 'executable': '/usr/bin/python3', 'gpu_nvidia': [{'name': 'Tesla T4', 'uuid': 'GPU-f1210d1d-7d6c-7ee3-931f-d5f4403986a0', 'cudaCores': 2560, 'memoryTotal': '16106127360', 'architecture': 'Turing'}, {'name': 'Tesla T4', 'uuid': 'GPU-588db133-7add-5dd3-d0a5-48daf78fc7d7', 'cudaCores': 2560, 'memoryTotal': '16106127360', 'architecture': 'Turing'}], 'cudaVersion': '13.0', 'cpu_count_logical': 4}}, 'm': [], 't': {'1': [1, 5, 41, 53, 105], '2': [1, 5, 41, 53, 105], '3': [2, 13, 16], '4': '3.12.12', '5': '0.24.2', '8': [1, 2, 12], '12': '0.24.2', '13': 'linux-x86_64'}, 'cli_version': '0.24.2', 'python_version': '3.12.12'}",1024,100,1,"{'DepthWiseMamba-Pico': {'dropout': 0.2, 'sa_heads': [4, 4], 'mlp_expand': 2, 'stage_depths': [1, 1, 2, 2], 'stem_channels': [16, 32], 'stage_channels': [48, 96, 128, 192]}, 'DepthwiseMamba-Nano': {'dropout': 0.4, 'sa_heads': [4, 4], 'mlp_expand': 3, 'stage_depths': [1, 2, 2, 2], 'stem_channels': [24, 48], 'stage_channels': [64, 128, 192, 256]}}",DepthWiseMamba-Pico,,4,Adam,"{'lr': 1e-05, 'weight_decay': 0.0005}",,,True,DSMaT-LungCancer,1469,67,1770745716.9141288,1469,,,68,,,1e-05,,,,,,,,,0.7922792279227923,0.40289189784464113,0.6822916666666666,0.4587734937667846
DSMaT-LungCancer,UnVuOnYxOjNobzhxb2trOkRTTWFULUx1bmdDYW5jZXI6dGFobWlkdWxrYXNoZmkxNS1pbnRlcm5hdGlvbmFsLWlzbGFtaWMtdW5pdmVyc2l0eS1jaGl0dGFnb25n,3ho8qokk,DepthWiseMamba-Pico,finished,2026-02-10T17:24:18Z,2026-02-10T17:24:25Z,5,,,,https://wandb.ai/tahmidulkashfi15-international-islamic-university-chittagong/DSMaT-LungCancer/runs/3ho8qokk,"{'e': {'4gtc95nbli48pzh3ug9ziukiwj9wk9m3': {'os': 'Linux-6.6.113+-x86_64-with-glibc2.35', 'gpu': 'Tesla T4', 'disk': {'/': {'used': '7125030215680', 'total': '8656922775552'}}, 'host': '83028ea2b374', 'root': '/kaggle/working', 'email': '<redacted>', 'memory': {'total': '33662472192'}, 'python': 'CPython 3.12.12', 'program': 'kaggle.ipynb', 'codePath': 'kaggle.ipynb', 'writerId': '4gtc95nbli48pzh3ug9ziukiwj9wk9m3', 'cpu_count': 2, 'gpu_count': 2, 'startedAt': '2026-02-10T17:24:12.603844Z', 'executable': '/usr/bin/python3', 'gpu_nvidia': [{'name': 'Tesla T4', 'uuid': 'GPU-f1210d1d-7d6c-7ee3-931f-d5f4403986a0', 'cudaCores': 2560, 'memoryTotal': '16106127360', 'architecture': 'Turing'}, {'name': 'Tesla T4', 'uuid': 'GPU-588db133-7add-5dd3-d0a5-48daf78fc7d7', 'cudaCores': 2560, 'memoryTotal': '16106127360', 'architecture': 'Turing'}], 'cudaVersion': '13.0', 'cpu_count_logical': 4}}, 'm': [], 't': {'1': [1, 5, 41, 53, 105], '2': [1, 5, 41, 53, 105], '3': [2, 13, 16], '4': '3.12.12', '5': '0.24.2', '8': [1, 2, 12], '12': '0.24.2', '13': 'linux-x86_64'}, 'cli_version': '0.24.2', 'python_version': '3.12.12'}",1024,100,1,"{'DepthWiseMamba-Pico': {'dropout': 0.2, 'sa_heads': [4, 4], 'mlp_expand': 2, 'stage_depths': [1, 1, 2, 2], 'stem_channels': [16, 32], 'stage_channels': [48, 96, 128, 192]}, 'DepthwiseMamba-Nano': {'dropout': 0.4, 'sa_heads': [4, 4], 'mlp_expand': 3, 'stage_depths': [1, 2, 2, 2], 'stem_channels': [24, 48], 'stage_channels': [64, 128, 192, 256]}}",DepthWiseMamba-Pico,,4,Adam,"{'lr': 1e-05, 'weight_decay': 0.0005}",,,True,DSMaT-LungCancer,5,3,1770744264.0487978,5,"{""path"": ""media/images/confusion_matrix_1_102722bb5fe6f7f3a15c.png"", ""size"": 26516, ""_type"": ""image-file"", ""width"": 700, ""format"": ""png"", ""height"": 500, ""sha256"": ""102722bb5fe6f7f3a15c61a640732888926a7b3f37a0be5e3e1010f9dfc3c215""}",,,,,,,"{""path"": ""media/table/per_class_metrics_3_7b86a56b1593ad7ac1f5.table.json"", ""size"": 342, ""_type"": ""table-file"", ""ncols"": 5, ""nrows"": 3, ""sha256"": ""7b86a56b1593ad7ac1f5aa814cf68dfc0dc56963b506dee0d19373fba83d2fc7"", ""log_mode"": ""IMMUTABLE"", ""artifact_path"": ""wandb-client-artifact://bb43wa01vqq663z26nw9704lt12468g6jxks2zu1bhh3g8uhs3s6mmvt7g7umpuhz7goyx812a9pn69p0mgvbdebvwrx157qfmpn2hm3edwpqk1pws9dxygpsl2ms6gh/per_class_metrics.table.json"", ""_latest_artifact_path"": ""wandb-client-artifact://jyk8oqtr1tmjh3585sgjmoo3j69izep2hfs9mvv0jchctvrx3hsxggd1ohp1nynkbyb17cs8iqs6f5v0p3i5cvtff5qw1vmoalcqw2bp4s2epzm9lt300icoqx2ttsm3:latest/per_class_metrics.table.json""}",,"{""path"": ""media/images/roc_curves_2_5cd1c4a06ab66a8186b8.png"", ""size"": 36171, ""_type"": ""image-file"", ""width"": 700, ""format"": ""png"", ""height"": 500, ""sha256"": ""5cd1c4a06ab66a8186b8659d4073f357121c1641519b701f7e41cf804850a9c7""}",0.7326478149100257,0.696461446826944,0.5435922145843506,,,,,
DSMaT-LungCancer,UnVuOnYxOm81a3lrd2U2OkRTTWFULUx1bmdDYW5jZXI6dGFobWlkdWxrYXNoZmkxNS1pbnRlcm5hdGlvbmFsLWlzbGFtaWMtdW5pdmVyc2l0eS1jaGl0dGFnb25n,o5kykwe6,DepthWiseMamba-Pico,finished,2026-02-10T17:14:52Z,2026-02-10T17:23:49Z,535,,,,https://wandb.ai/tahmidulkashfi15-international-islamic-university-chittagong/DSMaT-LungCancer/runs/o5kykwe6,"{'e': {'3mqc6fjh2fu38c6kmwte43rfrwuq6nbr': {'os': 'Linux-6.6.113+-x86_64-with-glibc2.35', 'gpu': 'Tesla T4', 'disk': {'/': {'used': '7125030092800', 'total': '8656922775552'}}, 'host': '83028ea2b374', 'root': '/kaggle/working', 'email': '<redacted>', 'memory': {'total': '33662472192'}, 'python': 'CPython 3.12.12', 'program': 'kaggle.ipynb', 'codePath': 'kaggle.ipynb', 'writerId': '3mqc6fjh2fu38c6kmwte43rfrwuq6nbr', 'cpu_count': 2, 'gpu_count': 2, 'startedAt': '2026-02-10T17:14:46.962720Z', 'executable': '/usr/bin/python3', 'gpu_nvidia': [{'name': 'Tesla T4', 'uuid': 'GPU-f1210d1d-7d6c-7ee3-931f-d5f4403986a0', 'cudaCores': 2560, 'memoryTotal': '16106127360', 'architecture': 'Turing'}, {'name': 'Tesla T4', 'uuid': 'GPU-588db133-7add-5dd3-d0a5-48daf78fc7d7', 'cudaCores': 2560, 'memoryTotal': '16106127360', 'architecture': 'Turing'}], 'cudaVersion': '13.0', 'cpu_count_logical': 4}}, 'm': [], 't': {'1': [1, 5, 41, 53, 105], '2': [1, 5, 41, 53, 105], '3': [2, 13, 16], '4': '3.12.12', '5': '0.24.2', '8': [1, 2, 12], '12': '0.24.2', '13': 'linux-x86_64'}, 'cli_version': '0.24.2', 'python_version': '3.12.12'}",1024,25,1,"{'DepthWiseMamba-Pico': {'dropout': 0.2, 'sa_heads': [4, 4], 'mlp_expand': 2, 'stage_depths': [1, 1, 2, 2], 'stem_channels': [16, 32], 'stage_channels': [48, 96, 128, 192]}, 'DepthwiseMamba-Nano': {'dropout': 0.4, 'sa_heads': [4, 4], 'mlp_expand': 3, 'stage_depths': [1, 2, 2, 2], 'stem_channels': [24, 48], 'stage_channels': [64, 128, 192, 256]}}",DepthWiseMamba-Pico,,4,Adam,"{'lr': 1e-05, 'weight_decay': 0.0005}",,,True,DSMaT-LungCancer,535,28,1770744227.9676387,535,"{""path"": ""media/images/confusion_matrix_26_102722bb5fe6f7f3a15c.png"", ""size"": 26516, ""_type"": ""image-file"", ""width"": 700, ""format"": ""png"", ""height"": 500, ""sha256"": ""102722bb5fe6f7f3a15c61a640732888926a7b3f37a0be5e3e1010f9dfc3c215""}",,25,,,1e-05,,"{""path"": ""media/table/per_class_metrics_28_7b86a56b1593ad7ac1f5.table.json"", ""size"": 342, ""_type"": ""table-file"", ""ncols"": 5, ""nrows"": 3, ""sha256"": ""7b86a56b1593ad7ac1f5aa814cf68dfc0dc56963b506dee0d19373fba83d2fc7"", ""log_mode"": ""IMMUTABLE"", ""artifact_path"": ""wandb-client-artifact://tjiz2wfv2vpreyfpwtxu2iajutvzvf20y9hph7kqabw1cyclnmw0fqtx4y87xck5j6usahmf10e0wa7u9nlrnltybfksrvkscgs2lxzf1i4sl36ntkvtrklx25e6r39k/per_class_metrics.table.json"", ""_latest_artifact_path"": ""wandb-client-artifact://0owxa6ujfd1unkc3o2ay7j5sr6bnycejvxzf8hdze6ljg53mccg40zmrgnh2htu5gzhxnefshfs3w0779oj8y1wuer66jid5b9clg1sz5gb1mb6iop1s3s5dzxpysogo:latest/per_class_metrics.table.json""}",,"{""path"": ""media/images/roc_curves_27_5cd1c4a06ab66a8186b8.png"", ""size"": 36171, ""_type"": ""image-file"", ""width"": 700, ""format"": ""png"", ""height"": 500, ""sha256"": ""5cd1c4a06ab66a8186b8659d4073f357121c1641519b701f7e41cf804850a9c7""}",0.7326478149100257,0.696461446826944,0.5435922145843506,,0.7468746874687469,0.509640286384028,0.7239583333333334,0.5106418132781982
DSMaT-LungCancer,UnVuOnYxOnR2MDI4YjhsOkRTTWFULUx1bmdDYW5jZXI6dGFobWlkdWxrYXNoZmkxNS1pbnRlcm5hdGlvbmFsLWlzbGFtaWMtdW5pdmVyc2l0eS1jaGl0dGFnb25n,tv028b8l,DepthWiseMamba-Pico,finished,2026-02-10T17:13:33Z,2026-02-10T17:13:37Z,3,,,,https://wandb.ai/tahmidulkashfi15-international-islamic-university-chittagong/DSMaT-LungCancer/runs/tv028b8l,"{'e': {'g1xa1ony287fjkft7k0ws13f8mohpmcg': {'os': 'Linux-6.6.113+-x86_64-with-glibc2.35', 'gpu': 'Tesla T4', 'disk': {'/': {'used': '7125029949440', 'total': '8656922775552'}}, 'host': '83028ea2b374', 'root': '/kaggle/working', 'email': '<redacted>', 'memory': {'total': '33662472192'}, 'python': 'CPython 3.12.12', 'program': 'kaggle.ipynb', 'codePath': 'kaggle.ipynb', 'writerId': 'g1xa1ony287fjkft7k0ws13f8mohpmcg', 'cpu_count': 2, 'gpu_count': 2, 'startedAt': '2026-02-10T17:13:27.498439Z', 'executable': '/usr/bin/python3', 'gpu_nvidia': [{'name': 'Tesla T4', 'uuid': 'GPU-f1210d1d-7d6c-7ee3-931f-d5f4403986a0', 'cudaCores': 2560, 'memoryTotal': '16106127360', 'architecture': 'Turing'}, {'name': 'Tesla T4', 'uuid': 'GPU-588db133-7add-5dd3-d0a5-48daf78fc7d7', 'cudaCores': 2560, 'memoryTotal': '16106127360', 'architecture': 'Turing'}], 'cudaVersion': '13.0', 'cpu_count_logical': 4}}, 'm': [], 't': {'1': [1, 5, 41, 53, 105], '2': [1, 5, 41, 53, 105], '3': [2, 13, 16], '4': '3.12.12', '5': '0.24.2', '8': [1, 2, 12], '12': '0.24.2', '13': 'linux-x86_64'}, 'cli_version': '0.24.2', 'python_version': '3.12.12'}",1024,25,1,"{'DepthWiseMamba-Pico': {'dropout': 0.2, 'sa_heads': [4, 4], 'mlp_expand': 2, 'stage_depths': [1, 1, 2, 2], 'stem_channels': [16, 32], 'stage_channels': [48, 96, 128, 192]}, 'DepthwiseMamba-Nano': {'dropout': 0.4, 'sa_heads': [4, 4], 'mlp_expand': 3, 'stage_depths': [1, 2, 2, 2], 'stem_channels': [24, 48], 'stage_channels': [64, 128, 192, 256]}}",DepthWiseMamba-Pico,,4,Adam,"{'lr': 1e-05, 'weight_decay': 0.0005}",,,True,DSMaT-LungCancer,3,3,1770743616.6416092,3,"{""path"": ""media/images/confusion_matrix_1_acb51f5e8ba90fdbe863.png"", ""size"": 26597, ""_type"": ""image-file"", ""width"": 700, ""format"": ""png"", ""height"": 500, ""sha256"": ""acb51f5e8ba90fdbe863b7a2e2e701843a8b94a97801d9d4cc20df381f321e04""}",,,,,,,"{""path"": ""media/table/per_class_metrics_3_f6d62d83e0226b34de27.table.json"", ""size"": 354, ""_type"": ""table-file"", ""ncols"": 5, ""nrows"": 3, ""sha256"": ""f6d62d83e0226b34de27cdaba30d82a02fdc794d8a79fbcee3fd0aba0ae522db"", ""log_mode"": ""IMMUTABLE"", ""artifact_path"": ""wandb-client-artifact://0na89e40b47qbgl7yf8mw5256ynwiu63poqw6k64ecba95poq9om5g1p6dgbusvavscupkbibwda8jme36020v272gj0usimh3m684abmeoxjljynv49vroekrcjgele/per_class_metrics.table.json"", ""_latest_artifact_path"": ""wandb-client-artifact://uc9calia7eom1qoax19b0iwx21zju29rtv1pvbojr4sbs9dihk0pychcqfv4sm5q2zslr6kuj9c16ly51howenr4q0ldurxcapgof1pe0fl3v6mouqdhpfk4ul6sblqf:latest/per_class_metrics.table.json""}",,"{""path"": ""media/images/roc_curves_2_6ca7c605c1fad684a394.png"", ""size"": 36713, ""_type"": ""image-file"", ""width"": 700, ""format"": ""png"", ""height"": 500, ""sha256"": ""6ca7c605c1fad684a3946d205fb894d5ef983081cb6120fe51d62345bfca49c9""}",0.6786632390745502,0.6736681550347026,0.6359497904777527,,,,,
DSMaT-LungCancer,UnVuOnYxOnJxaWdyZ21rOkRTTWFULUx1bmdDYW5jZXI6dGFobWlkdWxrYXNoZmkxNS1pbnRlcm5hdGlvbmFsLWlzbGFtaWMtdW5pdmVyc2l0eS1jaGl0dGFnb25n,rqigrgmk,DepthWiseMamba-Pico,finished,2026-02-10T17:13:01Z,2026-02-10T17:13:06Z,0,,,,https://wandb.ai/tahmidulkashfi15-international-islamic-university-chittagong/DSMaT-LungCancer/runs/rqigrgmk,"{'e': {'1t3ner649v5ylslga1xw7pqtqq8oj11g': {'os': 'Linux-6.6.113+-x86_64-with-glibc2.35', 'gpu': 'Tesla T4', 'disk': {'/': {'used': '7125029879808', 'total': '8656922775552'}}, 'host': '83028ea2b374', 'root': '/kaggle/working', 'email': '<redacted>', 'memory': {'total': '33662472192'}, 'python': 'CPython 3.12.12', 'program': 'kaggle.ipynb', 'codePath': 'kaggle.ipynb', 'writerId': '1t3ner649v5ylslga1xw7pqtqq8oj11g', 'cpu_count': 2, 'gpu_count': 2, 'startedAt': '2026-02-10T17:12:56.023693Z', 'executable': '/usr/bin/python3', 'gpu_nvidia': [{'name': 'Tesla T4', 'uuid': 'GPU-f1210d1d-7d6c-7ee3-931f-d5f4403986a0', 'cudaCores': 2560, 'memoryTotal': '16106127360', 'architecture': 'Turing'}, {'name': 'Tesla T4', 'uuid': 'GPU-588db133-7add-5dd3-d0a5-48daf78fc7d7', 'cudaCores': 2560, 'memoryTotal': '16106127360', 'architecture': 'Turing'}], 'cudaVersion': '13.0', 'cpu_count_logical': 4}}, 'm': [], 't': {'1': [1, 5, 41, 53, 105], '2': [1, 5, 41, 53, 105], '3': [2, 13, 16], '4': '3.12.12', '5': '0.24.2', '8': [1, 2, 12], '12': '0.24.2', '13': 'linux-x86_64'}, 'cli_version': '0.24.2', 'python_version': '3.12.12'}",1024,25,1,"{'DepthWiseMamba-Pico': {'dropout': 0.2, 'sa_heads': [4, 4], 'mlp_expand': 2, 'stage_depths': [1, 1, 2, 2], 'stem_channels': [16, 32], 'stage_channels': [48, 96, 128, 192]}, 'DepthwiseMamba-Nano': {'dropout': 0.4, 'sa_heads': [4, 4], 'mlp_expand': 3, 'stage_depths': [1, 2, 2, 2], 'stem_channels': [24, 48], 'stage_channels': [64, 128, 192, 256]}}",DepthWiseMamba-Pico,,4,Adam,"{'lr': 1e-05, 'weight_decay': 0.0005}",,,True,DSMaT-LungCancer,3,3,1770743585.6102848,3,"{""path"": ""media/images/confusion_matrix_1_acb51f5e8ba90fdbe863.png"", ""size"": 26597, ""_type"": ""image-file"", ""width"": 700, ""format"": ""png"", ""height"": 500, ""sha256"": ""acb51f5e8ba90fdbe863b7a2e2e701843a8b94a97801d9d4cc20df381f321e04""}",,,,,,,"{""path"": ""media/table/per_class_metrics_3_f6d62d83e0226b34de27.table.json"", ""size"": 354, ""_type"": ""table-file"", ""ncols"": 5, ""nrows"": 3, ""sha256"": ""f6d62d83e0226b34de27cdaba30d82a02fdc794d8a79fbcee3fd0aba0ae522db"", ""log_mode"": ""IMMUTABLE"", ""artifact_path"": ""wandb-client-artifact://5ly48fsqnmau1fo7qpu3fbsf8oyj550ycd3rjg1t5fassvjdpdg2274e5qdoay1lmoygw1kr39m070sb7g4q2xkmquq84dro8dhi8ggb05rlcuu5yss4zwh3woug40yu/per_class_metrics.table.json"", ""_latest_artifact_path"": ""wandb-client-artifact://3ffi2sithkz5o52mi37kjopyi68hwpeqxcqnwot0ksti0ipyemwsd5dm14jo9zhnj1opl56bkre0hega61nah6bvyf8ycczk4pyxt1tqbhstx93djcvr4j39fzpd3ke3:latest/per_class_metrics.table.json""}",,"{""path"": ""media/images/roc_curves_2_6ca7c605c1fad684a394.png"", ""size"": 36713, ""_type"": ""image-file"", ""width"": 700, ""format"": ""png"", ""height"": 500, ""sha256"": ""6ca7c605c1fad684a3946d205fb894d5ef983081cb6120fe51d62345bfca49c9""}",0.6786632390745502,0.6736681550347026,0.6359497904777527,,,,,
DSMaT-LungCancer,UnVuOnYxOnB0dnNndmtoOkRTTWFULUx1bmdDYW5jZXI6dGFobWlkdWxrYXNoZmkxNS1pbnRlcm5hdGlvbmFsLWlzbGFtaWMtdW5pdmVyc2l0eS1jaGl0dGFnb25n,ptvsgvkh,DepthWiseMamba-Pico,finished,2026-02-10T17:09:22Z,2026-02-10T17:12:35Z,190,,,,https://wandb.ai/tahmidulkashfi15-international-islamic-university-chittagong/DSMaT-LungCancer/runs/ptvsgvkh,"{'e': {'zjcwamvo2evozoz641ln5xqe4r6eg4er': {'os': 'Linux-6.6.113+-x86_64-with-glibc2.35', 'gpu': 'Tesla T4', 'disk': {'/': {'used': '7125029748736', 'total': '8656922775552'}}, 'host': '83028ea2b374', 'root': '/kaggle/working', 'email': '<redacted>', 'memory': {'total': '33662472192'}, 'python': 'CPython 3.12.12', 'program': 'kaggle.ipynb', 'codePath': 'kaggle.ipynb', 'writerId': 'zjcwamvo2evozoz641ln5xqe4r6eg4er', 'cpu_count': 2, 'gpu_count': 2, 'startedAt': '2026-02-10T17:09:16.631135Z', 'executable': '/usr/bin/python3', 'gpu_nvidia': [{'name': 'Tesla T4', 'uuid': 'GPU-f1210d1d-7d6c-7ee3-931f-d5f4403986a0', 'cudaCores': 2560, 'memoryTotal': '16106127360', 'architecture': 'Turing'}, {'name': 'Tesla T4', 'uuid': 'GPU-588db133-7add-5dd3-d0a5-48daf78fc7d7', 'cudaCores': 2560, 'memoryTotal': '16106127360', 'architecture': 'Turing'}], 'cudaVersion': '13.0', 'cpu_count_logical': 4}}, 'm': [], 't': {'1': [1, 5, 41, 53, 105], '2': [1, 5, 41, 53, 105], '3': [2, 13, 16], '4': '3.12.12', '5': '0.24.2', '8': [1, 2, 12], '12': '0.24.2', '13': 'linux-x86_64'}, 'cli_version': '0.24.2', 'python_version': '3.12.12'}",512,10,1,"{'DepthWiseMamba-Pico': {'dropout': 0.2, 'sa_heads': [4, 4], 'mlp_expand': 2, 'stage_depths': [1, 1, 2, 2], 'stem_channels': [16, 32], 'stage_channels': [48, 96, 128, 192]}, 'DepthwiseMamba-Nano': {'dropout': 0.4, 'sa_heads': [4, 4], 'mlp_expand': 3, 'stage_depths': [1, 2, 2, 2], 'stem_channels': [24, 48], 'stage_channels': [64, 128, 192, 256]}}",DepthWiseMamba-Pico,,4,Adam,"{'lr': 1e-05, 'weight_decay': 0.0005}",,,True,DSMaT-LungCancer,190,13,1770743553.8467093,190,"{""path"": ""media/images/confusion_matrix_11_acb51f5e8ba90fdbe863.png"", ""size"": 26597, ""_type"": ""image-file"", ""width"": 700, ""format"": ""png"", ""height"": 500, ""sha256"": ""acb51f5e8ba90fdbe863b7a2e2e701843a8b94a97801d9d4cc20df381f321e04""}",,10,,,1e-05,,"{""path"": ""media/table/per_class_metrics_13_f6d62d83e0226b34de27.table.json"", ""size"": 354, ""_type"": ""table-file"", ""ncols"": 5, ""nrows"": 3, ""sha256"": ""f6d62d83e0226b34de27cdaba30d82a02fdc794d8a79fbcee3fd0aba0ae522db"", ""log_mode"": ""IMMUTABLE"", ""artifact_path"": ""wandb-client-artifact://i6pv1gfhk4bttgtbl3nqvyunprlgewfjzrq8gpeanzptu1ib1dysyaul9nbsde80nk6wbq3uonv7s8635krnwj08xcfjaec65kha0l4fjbe4c8y4laj5gm0vi0wf5bww/per_class_metrics.table.json"", ""_latest_artifact_path"": ""wandb-client-artifact://s248iznwqm2q2nwgdft0kb68k0ny9djhpz8yazbjzv67jau7ghxtkhxykvcm0lv2lt1iauje4s2szxjj3ryy8mynzlylojdmii608hrvfzmoyzl2l2nfliifu9pfatc6:latest/per_class_metrics.table.json""}",,"{""path"": ""media/images/roc_curves_12_6ca7c605c1fad684a394.png"", ""size"": 36713, ""_type"": ""image-file"", ""width"": 700, ""format"": ""png"", ""height"": 500, ""sha256"": ""6ca7c605c1fad684a3946d205fb894d5ef983081cb6120fe51d62345bfca49c9""}",0.6786632390745502,0.6736681550347026,0.6359497904777527,,0.7011701170117012,0.6180036939648536,0.7291666666666666,0.5776724219322205
DSMaT-LungCancer,UnVuOnYxOjhzZTE5Y3lvOkRTTWFULUx1bmdDYW5jZXI6dGFobWlkdWxrYXNoZmkxNS1pbnRlcm5hdGlvbmFsLWlzbGFtaWMtdW5pdmVyc2l0eS1jaGl0dGFnb25n,8se19cyo,DepthwiseMamba-Nano,finished,2026-02-10T17:00:55Z,2026-02-10T17:09:17Z,500,,,,https://wandb.ai/tahmidulkashfi15-international-islamic-university-chittagong/DSMaT-LungCancer/runs/8se19cyo,"{'e': {'s9uljfbjt42yvvuxkzczigd02g2jjogg': {'os': 'Linux-6.6.113+-x86_64-with-glibc2.35', 'gpu': 'Tesla T4', 'disk': {'/': {'used': '7125029629952', 'total': '8656922775552'}}, 'host': '83028ea2b374', 'root': '/kaggle/working', 'email': '<redacted>', 'memory': {'total': '33662472192'}, 'python': 'CPython 3.12.12', 'program': 'kaggle.ipynb', 'codePath': 'kaggle.ipynb', 'writerId': 's9uljfbjt42yvvuxkzczigd02g2jjogg', 'cpu_count': 2, 'gpu_count': 2, 'startedAt': '2026-02-10T17:00:49.782803Z', 'executable': '/usr/bin/python3', 'gpu_nvidia': [{'name': 'Tesla T4', 'uuid': 'GPU-f1210d1d-7d6c-7ee3-931f-d5f4403986a0', 'cudaCores': 2560, 'memoryTotal': '16106127360', 'architecture': 'Turing'}, {'name': 'Tesla T4', 'uuid': 'GPU-588db133-7add-5dd3-d0a5-48daf78fc7d7', 'cudaCores': 2560, 'memoryTotal': '16106127360', 'architecture': 'Turing'}], 'cudaVersion': '13.0', 'cpu_count_logical': 4}}, 'm': [], 't': {'1': [1, 5, 41, 53, 105], '2': [1, 5, 41, 53, 105], '3': [2, 13, 16], '4': '3.12.12', '5': '0.24.2', '8': [1, 2, 12], '12': '0.24.2', '13': 'linux-x86_64'}, 'cli_version': '0.24.2', 'python_version': '3.12.12'}",128,25,1,"{'DepthWiseMamba-Pico': {'dropout': 0.2, 'sa_heads': [4, 4], 'mlp_expand': 2, 'stage_depths': [1, 1, 2, 2], 'stem_channels': [16, 32], 'stage_channels': [48, 96, 128, 192]}, 'DepthwiseMamba-Nano': {'dropout': 0.4, 'sa_heads': [4, 4], 'mlp_expand': 3, 'stage_depths': [1, 2, 2, 2], 'stem_channels': [24, 48], 'stage_channels': [64, 128, 192, 256]}}",DepthwiseMamba-Nano,,2,Adam,"{'lr': 0.0001, 'weight_decay': 0.0005}",,,True,DSMaT-LungCancer,500,22,1770743334.3070562,500,,,23,,,0.0001,,,,,,,,,0.9668966896689668,0.08954537807214837,0.8020833333333334,0.6453187807152668
DSMaT-LungCancer,UnVuOnYxOmplazQ1dmJmOkRTTWFULUx1bmdDYW5jZXI6dGFobWlkdWxrYXNoZmkxNS1pbnRlcm5hdGlvbmFsLWlzbGFtaWMtdW5pdmVyc2l0eS1jaGl0dGFnb25n,jek45vbf,DepthWiseMamba-Pico,finished,2026-02-10T16:21:33Z,2026-02-10T16:39:09Z,1053,,,,https://wandb.ai/tahmidulkashfi15-international-islamic-university-chittagong/DSMaT-LungCancer/runs/jek45vbf,"{'e': {'etwl3fd0dvc037lfaj97hgd5l4q24rs6': {'os': 'Linux-6.6.113+-x86_64-with-glibc2.35', 'gpu': 'Tesla T4', 'disk': {'/': {'used': '7125030883328', 'total': '8656922775552'}}, 'host': '2bd4ee9a6a37', 'root': '/kaggle/working', 'email': '<redacted>', 'memory': {'total': '33662472192'}, 'python': 'CPython 3.12.12', 'program': 'kaggle.ipynb', 'codePath': 'kaggle.ipynb', 'writerId': 'etwl3fd0dvc037lfaj97hgd5l4q24rs6', 'cpu_count': 2, 'gpu_count': 2, 'startedAt': '2026-02-10T16:21:28.439580Z', 'executable': '/usr/bin/python3', 'gpu_nvidia': [{'name': 'Tesla T4', 'uuid': 'GPU-c162b5db-e66a-fad3-558a-dff7de206d20', 'cudaCores': 2560, 'memoryTotal': '16106127360', 'architecture': 'Turing'}, {'name': 'Tesla T4', 'uuid': 'GPU-05dee2f1-ced6-1f17-b574-d3054cd2b42d', 'cudaCores': 2560, 'memoryTotal': '16106127360', 'architecture': 'Turing'}], 'cudaVersion': '13.0', 'cpu_count_logical': 4}}, 'm': [], 't': {'1': [1, 5, 41, 53, 105], '2': [1, 5, 41, 53, 105], '3': [2, 13, 16], '4': '3.12.12', '5': '0.24.2', '8': [1, 2, 12], '12': '0.24.2', '13': 'linux-x86_64'}, 'cli_version': '0.24.2', 'python_version': '3.12.12'}",64,50,1,"{'DepthWiseMamba-Pico': {'dropout': 0.2, 'sa_heads': [4, 4], 'mlp_expand': 2, 'stage_depths': [1, 1, 2, 2], 'stem_channels': [16, 32], 'stage_channels': [48, 96, 128, 192]}, 'DepthwiseMamba-Nano': {'dropout': 0.2, 'sa_heads': [4, 4], 'mlp_expand': 3, 'stage_depths': [1, 2, 2, 2], 'stem_channels': [24, 48], 'stage_channels': [64, 128, 192, 256]}}",DepthWiseMamba-Pico,,2,Adam,"{'lr': 0.0001, 'weight_decay': 0.0001}",,,True,DSMaT-LungCancer,1053,53,1770741548.1151247,1053,"{""path"": ""media/images/confusion_matrix_51_c6956c367782593ee1ba.png"", ""size"": 26587, ""_type"": ""image-file"", ""width"": 700, ""format"": ""png"", ""height"": 500, ""sha256"": ""c6956c367782593ee1ba40b9274df6672db689771eb35ad4e7408d558b0c7179""}",,50,,,0.0001,,"{""path"": ""media/table/per_class_metrics_53_2dcbf03e034896ec810a.table.json"", ""size"": 279, ""_type"": ""table-file"", ""ncols"": 5, ""nrows"": 3, ""sha256"": ""2dcbf03e034896ec810a2d501d5778180af5a91816786bca8fd3c50d000d9c02"", ""log_mode"": ""IMMUTABLE"", ""artifact_path"": ""wandb-client-artifact://fn06avc8sdv9fgpp53gk32h2scshxa44vkzizgc0qtxxrs4ltkd6jiwn8ofkkkcxczo6a2m1kgknf60rbdh67hi484uk3fk9fxk5zdopakgmapgfvpg6o1t1prklc0lk/per_class_metrics.table.json"", ""_latest_artifact_path"": ""wandb-client-artifact://xdju2oy21iz13gvwmhczyadhu2h50e5wmjarpxtkxzieumsue3y3h3eiv2fgk1sqpyau5ozcop4m0jnc05rmzb0qz5c4x2tviwtusn3xhcpql277gcmft0eurrorp4hh:latest/per_class_metrics.table.json""}",,"{""path"": ""media/images/roc_curves_52_0b709cba407a57c69001.png"", ""size"": 35526, ""_type"": ""image-file"", ""width"": 700, ""format"": ""png"", ""height"": 500, ""sha256"": ""0b709cba407a57c6900139293e51fb96985a00936fae9520737f389c94d7b943""}",0.7609254498714653,0.7791636011164442,0.7074082352083236,,0.9872987298729872,0.03863698903010926,0.8697916666666666,0.4829698037356138
