name,runCount,totalRuns,createdAt,updatedAt,lastActive,access,storageBytes,description,wandb_url
wandb_agent_default_project,0,0,2026-09-06T05:47:23Z,2026-09-06T05:47:23Z,,PRIVATE,0,,https://wandb.ai/tahmidulkashfi15-international-islamic-university-chittagong/wandb_agent_default_project
lung-base-bench,6,6,2026-06-24T13:17:30Z,2026-06-24T13:17:30Z,2026-06-24T15:31:59Z,PRIVATE,24025275,,https://wandb.ai/tahmidulkashfi15-international-islamic-university-chittagong/lung-base-bench
plos_one_lung_reproduction,2,2,2026-04-27T17:19:43Z,2026-04-27T17:19:43Z,2026-04-28T06:58:53Z,PRIVATE,1989871,,https://wandb.ai/tahmidulkashfi15-international-islamic-university-chittagong/plos_one_lung_reproduction
vit_lung_reproduction,2,2,2026-04-27T12:12:32Z,2026-04-27T12:12:32Z,2026-04-27T14:55:35Z,PRIVATE,878764,,https://wandb.ai/tahmidulkashfi15-international-islamic-university-chittagong/vit_lung_reproduction
lung_effnet_reproduction,16,16,2026-04-27T08:54:46Z,2026-04-27T08:54:46Z,2026-06-25T17:42:55Z,PRIVATE,15798806,,https://wandb.ai/tahmidulkashfi15-international-islamic-university-chittagong/lung_effnet_reproduction
ccal_paper_reproduction,31,31,2026-04-25T05:20:28Z,2026-04-25T05:20:28Z,2026-06-24T16:53:11Z,PRIVATE,59707329,,https://wandb.ai/tahmidulkashfi15-international-islamic-university-chittagong/ccal_paper_reproduction
ct-rectified-flow,18,27,2026-02-26T13:07:06Z,2026-02-26T13:07:06Z,2026-03-01T22:23:51Z,PRIVATE,404016805,,https://wandb.ai/tahmidulkashfi15-international-islamic-university-chittagong/ct-rectified-flow
ct-diffusion-augmentation,5,5,2026-02-22T18:46:19Z,2026-02-22T18:46:19Z,2026-02-22T21:37:09Z,PRIVATE,93151353,,https://wandb.ai/tahmidulkashfi15-international-islamic-university-chittagong/ct-diffusion-augmentation
DSMaT-LungCancer,18,18,2026-02-10T16:21:33Z,2026-02-10T16:21:33Z,2026-02-11T15:11:22Z,PRIVATE,1172682,,https://wandb.ai/tahmidulkashfi15-international-islamic-university-chittagong/DSMaT-LungCancer
base_ccal,90,96,2025-09-24T06:25:33Z,2025-09-24T06:25:33Z,2025-10-31T06:07:32Z,PRIVATE,95285067,,https://wandb.ai/tahmidulkashfi15-international-islamic-university-chittagong/base_ccal
BanglaGPT1,4,4,2025-03-09T17:13:08Z,2025-03-09T17:13:08Z,2025-03-09T18:35:30Z,PRIVATE,334428842,,https://wandb.ai/tahmidulkashfi15-international-islamic-university-chittagong/BanglaGPT1
uncategorized,10,10,2024-11-23T07:02:06Z,2024-11-23T07:02:06Z,2024-11-23T07:17:18Z,PRIVATE,130512,,https://wandb.ai/tahmidulkashfi15-international-islamic-university-chittagong/uncategorized
WGAN-FACE,14,14,2024-11-18T12:40:02Z,2024-11-18T12:40:02Z,2024-11-23T07:31:28Z,PRIVATE,736464409,,https://wandb.ai/tahmidulkashfi15-international-islamic-university-chittagong/WGAN-FACE
gan-bengali-digit-generation,28,28,2024-11-13T15:58:57Z,2024-11-13T15:58:57Z,2024-11-18T13:40:19Z,PRIVATE,7778958,,https://wandb.ai/tahmidulkashfi15-international-islamic-university-chittagong/gan-bengali-digit-generation
Bengali-Digit-DCGAN,0,0,2024-11-13T15:58:47Z,2024-11-13T15:58:47Z,,PRIVATE,0,,https://wandb.ai/tahmidulkashfi15-international-islamic-university-chittagong/Bengali-Digit-DCGAN
yolo11m-iiuc-idcard,0,0,2024-10-16T08:20:02Z,2024-10-16T08:20:02Z,,PRIVATE,0,,https://wandb.ai/tahmidulkashfi15-international-islamic-university-chittagong/yolo11m-iiuc-idcard
yolo11s-idcard,0,0,2024-10-15T18:20:39Z,2024-10-15T18:20:39Z,,PRIVATE,0,,https://wandb.ai/tahmidulkashfi15-international-islamic-university-chittagong/yolo11s-idcard
Ultralytics,6,6,2024-10-15T16:06:19Z,2024-10-15T16:06:19Z,2024-10-16T10:48:20Z,PRIVATE,244486286,,https://wandb.ai/tahmidulkashfi15-international-islamic-university-chittagong/Ultralytics
