run_name,display_name,state,created_at,compute_seconds,tags,wandb_url,config/aug_factor_benign,config/aug_factor_malignant,config/aug_factor_normal,config/batch_size,config/class_names,config/data_dir,config/device,config/dropout,config/epochs,config/image_size,config/learning_rate,config/lr_decay_factor,config/lr_patience,config/seed,config/test_ratio,config/test_size,config/train_ratio,config/val_ratio,config/variants,metric/_runtime,metric/_step,metric/_timestamp,metric/_wandb/runtime,metric/best_val_acc,metric/dataset/split_method,metric/dataset/test_samples,metric/dataset/train_samples,metric/dataset/val_samples,metric/epoch,metric/learning_rate,metric/test/EffNet-B0_acc,metric/test/EffNet-B0_auc,metric/test/EffNet-B1_acc,metric/test/EffNet-B1_auc,metric/test/EffNet-B2_acc,metric/test/EffNet-B2_auc,metric/test/EffNet-B3_acc,metric/test/EffNet-B3_auc,metric/test/EffNet-B4_acc,metric/test/EffNet-B4_auc,metric/train/acc,metric/train/loss,metric/val/acc,metric/val/f1,metric/val/loss
y0814riy,lung_effnet_leaky_split,finished,2026-04-27T08:54:46Z,2104,"80-20,effnet,image-level-split,leaky,paper-method",https://wandb.ai/tahmidulkashfi15-international-islamic-university-chittagong/lung_effnet_reproduction/runs/y0814riy,13,2,3,32,"['Benign', 'Malignant', 'Normal']",/kaggle/input/datasets/hamdallak/the-iqothnccd-lung-cancer-dataset/The IQ-OTHNCCD lung cancer dataset,cuda,0.5,50,240,0.001,0.3,5,42,,0.2,,,"['b0', 'b1', 'b2', 'b3', 'b4']",2104,94,1777282177.9040413,2104,100,image-level random (paper method),220,2824,88,42,7.289999999999998e-07,99.54545454545456,99.9899823984353,,,,,,,,,99.96448863636364,0.0006721990796165755,100,100,4.582292240229435e-05
6g8zf9vt,lung_effnet_leaky_split,finished,2026-04-27T09:29:58Z,180,"80-20,effnet,image-level-split,leaky,paper-method",https://wandb.ai/tahmidulkashfi15-international-islamic-university-chittagong/lung_effnet_reproduction/runs/6g8zf9vt,13,2,3,32,"['Benign', 'Malignant', 'Normal']",/kaggle/input/the-iqothnccd-lung-cancer-dataset/The IQ-OTHNCCD lung cancer dataset,cuda,0.5,30,240,0.001,0.3,5,42,,0.2,,,"['b0', 'b1', 'b2', 'b3', 'b4']",180,,,180,,,,,,,,,,,,,,,,,,,,,,
m9a1u4nu,lung_effnet_leaky_split,finished,2026-04-27T09:33:05Z,2190,"80-20,effnet,image-level-split,leaky,paper-method",https://wandb.ai/tahmidulkashfi15-international-islamic-university-chittagong/lung_effnet_reproduction/runs/m9a1u4nu,13,2,3,32,"['Benign', 'Malignant', 'Normal']",/kaggle/input/datasets/hamdallak/the-iqothnccd-lung-cancer-dataset/The IQ-OTHNCCD lung cancer dataset,cuda,0.5,30,240,0.001,0.3,5,42,,0.2,,,"['b0', 'b1', 'b2', 'b3', 'b4']",2190,84,1777284576.0570607,2190,98.86363636363636,image-level random (paper method),220,2824,88,10,0.0003,98.63636363636364,99.95992959374117,98.63636363636364,99.95992959374117,98.63636363636364,99.95992959374117,97.72727272727272,99.84509640927284,97.72727272727272,99.64400591092708,99.53835227272728,0.018839390674574217,97.72727272727272,95.92803030303033,0.05899107828736305
wy9smcip,lung_effnet_sequential_split,finished,2026-04-27T10:17:09Z,1995,"70-20-10,effnet,honest,no-shuffle,sequential-split",https://wandb.ai/tahmidulkashfi15-international-islamic-university-chittagong/lung_effnet_reproduction/runs/wy9smcip,13,2,3,32,"['Benign', 'Malignant', 'Normal']",/kaggle/input/datasets/hamdallak/the-iqothnccd-lung-cancer-dataset/The IQ-OTHNCCD lung cancer dataset,cuda,0.5,30,240,0.001,0.3,5,42,0.1,,0.7,0.2,"['b0', 'b1', 'b2', 'b3', 'b4']",1995,72,1777287024.034585,1995,90.36697247706422,sequential 70/20/10 (no shuffle),112,2749,218,9,0.0003,91.07142857142856,96.76675176675175,82.14285714285714,87.83162813238002,80.35714285714286,86.63009226919,87.5,94.25328639614354,82.14285714285714,89.79504622361766,99.88970588235294,0.0042047372125928045,82.11009174311926,68.63933452168746,1.212880151457401
o0afqoys,lung_effnet_sequential_split,finished,2026-06-23T09:48:47Z,2875,"70-20-10,effnet,honest,no-shuffle,sequential-split",https://wandb.ai/tahmidulkashfi15-international-islamic-university-chittagong/lung_effnet_reproduction/runs/o0afqoys,13,2,3,32,"['Benign', 'Malignant', 'Normal']",/kaggle/input/datasets/hamdallak/the-iqothnccd-lung-cancer-dataset/The IQ-OTHNCCD lung cancer dataset,cuda,0.5,30,240,0.001,0.3,5,42,0.1,,0.7,0.2,"['b0', 'b1', 'b2', 'b3', 'b4']",2875,81,1782211002.6724458,2875,93.66515837104072,sequential 70/20/10 (no shuffle),221,3140,221,27,8.999999999999999e-05,91.8552036199095,91.73211808220516,91.8552036199095,96.56148860176428,90.49773755656108,96.10147888027964,92.3076923076923,97.26005362560996,93.66515837104072,96.72543325999362,100,0.000716999945300718,91.8552036199095,85.85770405936272,1.1066212583799009
ktheqqof,lung_effnet_sequential_split,finished,2026-06-23T10:36:44Z,3014,"70-20-10,effnet,honest,no-shuffle,sequential-split",https://wandb.ai/tahmidulkashfi15-international-islamic-university-chittagong/lung_effnet_reproduction/runs/ktheqqof,13,2,3,32,"['Benign', 'Malignant', 'Normal']",/kaggle/input/datasets/hamdallak/the-iqothnccd-lung-cancer-dataset/The IQ-OTHNCCD lung cancer dataset,cuda,0.5,30,240,0.001,0.3,5,42,0.1,,0.7,0.2,"['b0', 'b1', 'b2', 'b3', 'b4']",3018,90,1782214021.8983912,3018,91.8552036199095,sequential 70/20/10 (no shuffle),221,3140,221,22,8.999999999999999e-05,90.49773755656108,95.75099526144398,90.9502262443439,95.65556764160826,90.49773755656108,95.56093399603718,91.4027149321267,95.80851428594954,91.8552036199095,96.29242322121829,99.96811224489797,0.0006295626668884557,91.4027149321267,84.16483389281166,1.168083180129304
2gsusgwl,lung_effnet_sequential_split,finished,2026-06-23T11:27:04Z,3088,"70-20-10,effnet,honest,no-shuffle,sequential-split",https://wandb.ai/tahmidulkashfi15-international-islamic-university-chittagong/lung_effnet_reproduction/runs/2gsusgwl,13,2,3,32,"['Benign', 'Malignant', 'Normal']",/kaggle/input/datasets/hamdallak/the-iqothnccd-lung-cancer-dataset/The IQ-OTHNCCD lung cancer dataset,cuda,0.5,30,240,0.001,0.3,5,42,0.1,,0.7,0.2,"['b0', 'b1', 'b2', 'b3', 'b4']",3149,99,1782217173.5751112,3149,90.9502262443439,sequential 70/20/10 (no shuffle),221,3140,221,19,0.0003,91.4027149321267,93.14808296384123,93.21266968325791,96.3658989229592,93.21266968325791,96.9963402197368,92.76018099547512,94.96182527625892,90.9502262443439,94.07817235358084,99.80867346938776,0.006702361427916022,87.33031674208145,80.50206728467599,1.463626263097426
k0dn5lj9,lung_effnet_sequential_split,finished,2026-06-23T12:19:35Z,2813,"70-20-10,effnet,honest,no-shuffle,sequential-split",https://wandb.ai/tahmidulkashfi15-international-islamic-university-chittagong/lung_effnet_reproduction/runs/k0dn5lj9,13,2,3,32,"['Benign', 'Malignant', 'Normal']",/kaggle/input/datasets/hamdallak/the-iqothnccd-lung-cancer-dataset/The IQ-OTHNCCD lung cancer dataset,cuda,0.5,30,240,0.001,0.3,5,42,0.1,,0.7,0.2,"['b0', 'b1', 'b2', 'b3', 'b4']",2874,81,1782220049.118905,2874,93.66515837104072,sequential 70/20/10 (no shuffle),221,3140,221,27,8.999999999999999e-05,91.8552036199095,91.73211808220516,91.8552036199095,96.56148860176428,90.49773755656108,96.10147888027964,92.3076923076923,97.26005362560996,93.66515837104072,96.72543325999362,100,0.000716999945300718,91.8552036199095,85.85770405936272,1.1066212583799009
bci3f92j,lung_effnet_sequential_split,finished,2026-06-23T13:07:30Z,3028,"70-20-10,effnet,honest,no-shuffle,sequential-split",https://wandb.ai/tahmidulkashfi15-international-islamic-university-chittagong/lung_effnet_reproduction/runs/bci3f92j,13,2,3,32,"['Benign', 'Malignant', 'Normal']",/kaggle/input/datasets/hamdallak/the-iqothnccd-lung-cancer-dataset/The IQ-OTHNCCD lung cancer dataset,cuda,0.5,30,240,0.001,0.3,5,42,0.1,,0.7,0.2,"['b0', 'b1', 'b2', 'b3', 'b4']",3032,90,1782223082.9357731,3032,91.8552036199095,sequential 70/20/10 (no shuffle),221,3140,221,22,8.999999999999999e-05,90.49773755656108,95.75099526144398,90.9502262443439,95.65556764160826,90.49773755656108,95.56093399603718,91.4027149321267,95.80851428594954,91.8552036199095,96.29242322121829,99.96811224489797,0.0006295626668884557,91.4027149321267,84.16483389281166,1.168083180129304
igexnef9,lung_effnet_sequential_split,finished,2026-06-23T13:58:04Z,3165,"70-20-10,effnet,honest,no-shuffle,sequential-split",https://wandb.ai/tahmidulkashfi15-international-islamic-university-chittagong/lung_effnet_reproduction/runs/igexnef9,13,2,3,32,"['Benign', 'Malignant', 'Normal']",/kaggle/input/datasets/hamdallak/the-iqothnccd-lung-cancer-dataset/The IQ-OTHNCCD lung cancer dataset,cuda,0.5,30,240,0.001,0.3,5,42,0.1,,0.7,0.2,"['b0', 'b1', 'b2', 'b3', 'b4']",3169,99,1782226253.3831432,3169,90.9502262443439,sequential 70/20/10 (no shuffle),221,3140,221,19,0.0003,91.4027149321267,93.14808296384123,93.21266968325791,96.3658989229592,93.21266968325791,96.9963402197368,92.76018099547512,94.96182527625892,90.9502262443439,94.07817235358084,99.80867346938776,0.006702361427916022,87.33031674208145,80.50206728467599,1.463626263097426
te9lu7is,effnet_shuffled_seed42,finished,2026-06-25T14:04:03Z,2596,"seed:42,split:shuffled,v2",https://wandb.ai/tahmidulkashfi15-international-islamic-university-chittagong/lung_effnet_reproduction/runs/te9lu7is,13,2,3,32,"['Benign', 'Malignant', 'Normal']",/kaggle/input/datasets/hamdallak/the-iqothnccd-lung-cancer-dataset/The IQ-OTHNCCD lung cancer dataset,cuda,0.5,30,240,0.001,0.3,5,42,0.1,,0.7,0.2,"['b0', 'b1', 'b2', 'b3', 'b4']",2610,84,1782398854.2435904,2610,98.6425339366516,"shuffled ratio=(0.8, 0.2)",221,3140,221,12,0.0003,98.6425339366516,99.77537879924036,98.6425339366516,99.77122513757809,99.0950226244344,99.91337593740424,99.0950226244344,99.2647063148008,98.6425339366516,99.89058593536345,99.61734693877553,0.011578816958606283,97.73755656108597,95.1606398709504,0.11121791053269324
yr8ehatb,effnet_shuffled_seed123,finished,2026-06-25T14:47:35Z,2652,"seed:123,split:shuffled,v2",https://wandb.ai/tahmidulkashfi15-international-islamic-university-chittagong/lung_effnet_reproduction/runs/yr8ehatb,13,2,3,32,"['Benign', 'Malignant', 'Normal']",/kaggle/input/datasets/hamdallak/the-iqothnccd-lung-cancer-dataset/The IQ-OTHNCCD lung cancer dataset,cuda,0.5,30,240,0.001,0.3,5,42,0.1,,0.7,0.2,"['b0', 'b1', 'b2', 'b3', 'b4']",2652,84,1782401508.1956832,2652,99.5475113122172,"shuffled ratio=(0.8, 0.2)",221,3140,221,14,0.0003,98.6425339366516,99.6145916590357,97.28506787330316,99.77991474480788,98.19004524886876,99.83467691422786,99.0950226244344,99.93616593944506,99.5475113122172,99.9602130674049,99.6811224489796,0.0100137885611006,98.19004524886876,96.85443583118,0.09114369787941408
v6uija08,effnet_shuffled_seed2024,finished,2026-06-25T15:31:49Z,3118,"seed:2024,split:shuffled,v2",https://wandb.ai/tahmidulkashfi15-international-islamic-university-chittagong/lung_effnet_reproduction/runs/v6uija08,13,2,3,32,"['Benign', 'Malignant', 'Normal']",/kaggle/input/datasets/hamdallak/the-iqothnccd-lung-cancer-dataset/The IQ-OTHNCCD lung cancer dataset,cuda,0.5,30,240,0.001,0.3,5,42,0.1,,0.7,0.2,"['b0', 'b1', 'b2', 'b3', 'b4']",3118,105,1782404627.9996946,3118,99.5475113122172,"shuffled ratio=(0.8, 0.2)",221,3140,221,14,0.0003,99.5475113122172,99.97015980055366,99.5475113122172,99.99005326685122,99.5475113122172,99.94031960110732,98.6425339366516,99.97393117831074,99.5475113122172,100,99.77678571428572,0.0064923701544956905,99.5475113122172,99.09354148306684,0.008121993563526306
ggg51jth,effnet_sorted_seed42,finished,2026-06-25T16:23:49Z,1844,"seed:42,split:sorted,v2",https://wandb.ai/tahmidulkashfi15-international-islamic-university-chittagong/lung_effnet_reproduction/runs/ggg51jth,13,2,3,32,"['Benign', 'Malignant', 'Normal']",/kaggle/input/datasets/hamdallak/the-iqothnccd-lung-cancer-dataset/The IQ-OTHNCCD lung cancer dataset,cuda,0.5,30,240,0.001,0.3,5,42,0.1,,0.7,0.2,"['b0', 'b1', 'b2', 'b3', 'b4']",1844,64,1782406474.641027,1844,90.49773755656108,"sorted ratio=(0.8, 0.2)",221,3140,221,10,0.0003,92.3076923076923,96.10898208382368,92.76018099547512,95.7981044011464,93.21266968325791,97.6306558168613,88.68778280542986,94.4310865626031,90.49773755656108,94.64717621582456,99.74489795918367,0.007605344466875457,90.04524886877829,82.32142857142858,1.245296476777641
4ybd7w7i,effnet_sorted_seed123,finished,2026-06-25T16:54:36Z,2898,"seed:123,split:sorted,v2",https://wandb.ai/tahmidulkashfi15-international-islamic-university-chittagong/lung_effnet_reproduction/runs/4ybd7w7i,13,2,3,32,"['Benign', 'Malignant', 'Normal']",/kaggle/input/datasets/hamdallak/the-iqothnccd-lung-cancer-dataset/The IQ-OTHNCCD lung cancer dataset,cuda,0.5,30,240,0.001,0.3,5,42,0.1,,0.7,0.2,"['b0', 'b1', 'b2', 'b3', 'b4']",2898,90,1782409374.16752,2898,92.3076923076923,"sorted ratio=(0.8, 0.2)",221,3140,221,18,0.0003,90.9502262443439,96.85869228321708,90.9502262443439,96.239208566453,90.04524886877829,95.09030575066738,93.21266968325791,96.52221628211846,92.3076923076923,96.4190915228838,100,0.0006065358343772338,88.23529411764706,80.39379974863846,2.200209557200988
dmbwtvpz,effnet_sorted_seed2024,finished,2026-06-25T17:42:55Z,2917,"seed:2024,split:sorted,v2",https://wandb.ai/tahmidulkashfi15-international-islamic-university-chittagong/lung_effnet_reproduction/runs/dmbwtvpz,13,2,3,32,"['Benign', 'Malignant', 'Normal']",/kaggle/input/datasets/hamdallak/the-iqothnccd-lung-cancer-dataset/The IQ-OTHNCCD lung cancer dataset,cuda,0.5,30,240,0.001,0.3,5,42,0.1,,0.7,0.2,"['b0', 'b1', 'b2', 'b3', 'b4']",2917,93,1782412293.054108,2917,92.3076923076923,"sorted ratio=(0.8, 0.2)",221,3140,221,18,0.0003,89.14027149321268,93.78231034160302,92.3076923076923,96.29141237435356,93.21266968325791,96.8339724826164,90.49773755656108,92.90414172264184,92.3076923076923,95.14940537208872,99.8405612244898,0.006244059396020911,87.78280542986425,78.55014895729889,0.6472629435694006
