run_name,display_name,state,created_at,compute_seconds,tags,wandb_url,config/batch_size,config/epochs,config/grad_clip_max_norm,config/model_name,config/num_classes,config/num_workers,config/optimizer,config/optimizer_params,config/track_flops,config/wandb_enabled,config/wandb_project,metric/_runtime,metric/_step,metric/_timestamp,metric/_wandb/runtime,metric/cumulative_gflops,metric/epoch,metric/forward_gflops,metric/fwd_bwd_gflops,metric/lr,metric/params_M,metric/per_epoch_gflops,metric/test_acc,metric/test_f1_macro,metric/test_loss,metric/total_train_gflops,metric/train_acc,metric/train_loss,metric/val_acc,metric/val_loss
jek45vbf,DepthWiseMamba-Pico,finished,2026-02-10T16:21:33Z,1053,,https://wandb.ai/tahmidulkashfi15-international-islamic-university-chittagong/DSMaT-LungCancer/runs/jek45vbf,64,50,1,DepthWiseMamba-Pico,,2,Adam,"{'lr': 0.0001, 'weight_decay': 0.0001}",,True,DSMaT-LungCancer,1053,53,1770741548.1151247,1053,,50,,,0.0001,,,0.7609254498714653,0.7791636011164442,0.7074082352083236,,0.9872987298729872,0.03863698903010926,0.8697916666666666,0.4829698037356138
8se19cyo,DepthwiseMamba-Nano,finished,2026-02-10T17:00:55Z,500,,https://wandb.ai/tahmidulkashfi15-international-islamic-university-chittagong/DSMaT-LungCancer/runs/8se19cyo,128,25,1,DepthwiseMamba-Nano,,2,Adam,"{'lr': 0.0001, 'weight_decay': 0.0005}",,True,DSMaT-LungCancer,500,22,1770743334.3070562,500,,23,,,0.0001,,,,,,,0.9668966896689668,0.08954537807214837,0.8020833333333334,0.6453187807152668
ptvsgvkh,DepthWiseMamba-Pico,finished,2026-02-10T17:09:22Z,190,,https://wandb.ai/tahmidulkashfi15-international-islamic-university-chittagong/DSMaT-LungCancer/runs/ptvsgvkh,512,10,1,DepthWiseMamba-Pico,,4,Adam,"{'lr': 1e-05, 'weight_decay': 0.0005}",,True,DSMaT-LungCancer,190,13,1770743553.8467093,190,,10,,,1e-05,,,0.6786632390745502,0.6736681550347026,0.6359497904777527,,0.7011701170117012,0.6180036939648536,0.7291666666666666,0.5776724219322205
rqigrgmk,DepthWiseMamba-Pico,finished,2026-02-10T17:13:01Z,0,,https://wandb.ai/tahmidulkashfi15-international-islamic-university-chittagong/DSMaT-LungCancer/runs/rqigrgmk,1024,25,1,DepthWiseMamba-Pico,,4,Adam,"{'lr': 1e-05, 'weight_decay': 0.0005}",,True,DSMaT-LungCancer,3,3,1770743585.6102848,3,,,,,,,,0.6786632390745502,0.6736681550347026,0.6359497904777527,,,,,
tv028b8l,DepthWiseMamba-Pico,finished,2026-02-10T17:13:33Z,3,,https://wandb.ai/tahmidulkashfi15-international-islamic-university-chittagong/DSMaT-LungCancer/runs/tv028b8l,1024,25,1,DepthWiseMamba-Pico,,4,Adam,"{'lr': 1e-05, 'weight_decay': 0.0005}",,True,DSMaT-LungCancer,3,3,1770743616.6416092,3,,,,,,,,0.6786632390745502,0.6736681550347026,0.6359497904777527,,,,,
o5kykwe6,DepthWiseMamba-Pico,finished,2026-02-10T17:14:52Z,535,,https://wandb.ai/tahmidulkashfi15-international-islamic-university-chittagong/DSMaT-LungCancer/runs/o5kykwe6,1024,25,1,DepthWiseMamba-Pico,,4,Adam,"{'lr': 1e-05, 'weight_decay': 0.0005}",,True,DSMaT-LungCancer,535,28,1770744227.9676387,535,,25,,,1e-05,,,0.7326478149100257,0.696461446826944,0.5435922145843506,,0.7468746874687469,0.509640286384028,0.7239583333333334,0.5106418132781982
3ho8qokk,DepthWiseMamba-Pico,finished,2026-02-10T17:24:18Z,5,,https://wandb.ai/tahmidulkashfi15-international-islamic-university-chittagong/DSMaT-LungCancer/runs/3ho8qokk,1024,100,1,DepthWiseMamba-Pico,,4,Adam,"{'lr': 1e-05, 'weight_decay': 0.0005}",,True,DSMaT-LungCancer,5,3,1770744264.0487978,5,,,,,,,,0.7326478149100257,0.696461446826944,0.5435922145843506,,,,,
kkote2t4,DepthWiseMamba-Pico,finished,2026-02-10T17:25:09Z,1469,,https://wandb.ai/tahmidulkashfi15-international-islamic-university-chittagong/DSMaT-LungCancer/runs/kkote2t4,1024,100,1,DepthWiseMamba-Pico,,4,Adam,"{'lr': 1e-05, 'weight_decay': 0.0005}",,True,DSMaT-LungCancer,1469,67,1770745716.9141288,1469,,68,,,1e-05,,,,,,,0.7922792279227923,0.40289189784464113,0.6822916666666666,0.4587734937667846
1avdoc8v,DepthWiseMamba-Pico,finished,2026-02-10T17:49:45Z,3,,https://wandb.ai/tahmidulkashfi15-international-islamic-university-chittagong/DSMaT-LungCancer/runs/1avdoc8v,64,50,1,DepthWiseMamba-Pico,,4,Adam,"{'lr': 0.0001, 'weight_decay': 0.001}",,True,DSMaT-LungCancer,3,3,1770745789.2862597,3,,,,,,,,0.7583547557840618,0.6237905472694653,0.4728022491449256,,,,,
pt1wtif7,DepthWiseMamba-Pico,finished,2026-02-10T17:50:32Z,972,,https://wandb.ai/tahmidulkashfi15-international-islamic-university-chittagong/DSMaT-LungCancer/runs/pt1wtif7,64,50,1,DepthWiseMamba-Pico,,4,Adam,"{'lr': 0.0001, 'weight_decay': 0.001}",,True,DSMaT-LungCancer,994,53,1770746827.3405712,994,,50,,,0.0001,,,0.8020565552699229,0.8075654592904873,0.7256471921901092,,0.9762976297629764,0.06740741793381827,0.875,0.5202963997920355
iysrwb96,DepthWiseMamba-Pico,finished,2026-02-11T08:29:08Z,325,,https://wandb.ai/tahmidulkashfi15-international-islamic-university-chittagong/DSMaT-LungCancer/runs/iysrwb96,64,50,1,DepthWiseMamba-Pico,,4,Adam,"{'lr': 0.0001, 'weight_decay': 0.001}",,True,DSMaT-LungCancer,330,48,1770798874.9858956,330,,49,,,0.0001,,,,,,,0.8005215123859192,0.5290279617676368,0.8272727272727273,0.483210228248076
suz7c1d5,DepthWiseMamba-Pico,finished,2026-02-11T14:37:38Z,0,,https://wandb.ai/tahmidulkashfi15-international-islamic-university-chittagong/DSMaT-LungCancer/runs/suz7c1d5,64,50,1,DepthWiseMamba-Pico,3,4,Adam,"{'lr': 0.0001, 'weight_decay': 0.001}",True,True,DSMaT-LungCancer,283,,,283,,,,,,,,,,,,,,,
a14a2lzr,DepthWiseMamba-Pico,finished,2026-02-11T14:42:28Z,793,,https://wandb.ai/tahmidulkashfi15-international-islamic-university-chittagong/DSMaT-LungCancer/runs/a14a2lzr,64,50,1,DepthWiseMamba-Pico,3,4,Adam,"{'lr': 0.0001, 'weight_decay': 0.001}",True,True,DSMaT-LungCancer,793,49,1770821122.9476185,793,0,50,,,0.0001,,0,,,,,0.8224431818181818,0.43997256593270734,0.9151515151515152,0.3024894447037668
24gxgvjx,DepthWiseMamba-Pico,finished,2026-02-11T14:55:49Z,20,,https://wandb.ai/tahmidulkashfi15-international-islamic-university-chittagong/DSMaT-LungCancer/runs/24gxgvjx,64,50,1,DepthWiseMamba-Pico,3,4,Adam,"{'lr': 0.0001, 'weight_decay': 0.001}",True,True,DSMaT-LungCancer,20,,,20,,,,,,,,,,,,,,,
1cs6eqz0,DepthWiseMamba-Pico,finished,2026-02-11T14:56:17Z,0,,https://wandb.ai/tahmidulkashfi15-international-islamic-university-chittagong/DSMaT-LungCancer/runs/1cs6eqz0,64,50,1,DepthWiseMamba-Pico,3,4,Adam,"{'lr': 0.0001, 'weight_decay': 0.001}",True,True,DSMaT-LungCancer,106,,,106,,,,,,,,,,,,,,,
esoq0ns3,DepthWiseMamba-Pico,finished,2026-02-11T14:58:10Z,3,,https://wandb.ai/tahmidulkashfi15-international-islamic-university-chittagong/DSMaT-LungCancer/runs/esoq0ns3,64,50,1,DepthWiseMamba-Pico,3,4,Adam,"{'lr': 0.0001, 'weight_decay': 0.001}",True,True,DSMaT-LungCancer,3,3,1770821894.2231386,3,,,0.0694,0.2082,,0.84,,0.9393939393939394,0.9219657136597657,0.1795635369690982,0,,,,
u63qaq59,DepthWiseMamba-Pico,finished,2026-02-11T15:11:22Z,2,,https://wandb.ai/tahmidulkashfi15-international-islamic-university-chittagong/DSMaT-LungCancer/runs/u63qaq59,64,50,1,DepthWiseMamba-Pico,3,4,Adam,"{'lr': 5e-05, 'weight_decay': 0.001}",True,True,DSMaT-LungCancer,2,3,1770822685.7210658,2,,,0.0694,0.2082,,0.84,,0.9393939393939394,0.9219657136597657,0.1795635369690982,0,,,,
1xbdww33,DepthWiseMamba-Pico,finished,2026-02-11T15:11:51Z,165,,https://wandb.ai/tahmidulkashfi15-international-islamic-university-chittagong/DSMaT-LungCancer/runs/1xbdww33,64,50,1,DepthWiseMamba-Pico,3,4,Adam,"{'lr': 5e-05, 'weight_decay': 0.001}",True,True,DSMaT-LungCancer,170,53,1770822882.9233687,170,0,50,0.0694,0.2082,5e-05,0.84,0,0.8303030303030303,0.7856321839080461,0.4127974970774217,0,0.7102272727272727,0.6502851356159557,0.8242424242424242,0.45383786793911096
