run_name,display_name,state,created_at,compute_seconds,tags,wandb_url,config/batch_size,config/data_dir,config/dataset,config/device,config/dropout,config/dropout_linear,config/dropout_mha,config/epochs,config/key_dim,config/learning_rate,config/loss_function,config/model_architecture,config/num_heads,config/optimizer,config/seed,config/test_split,config/val_split,config/value_dim,metric/_runtime,metric/_step,metric/_timestamp,metric/_wandb/runtime,metric/batch,metric/batch_train_acc,metric/batch_train_loss,metric/best_val_acc,metric/dataset_size,metric/epoch,metric/learning_rate,metric/lr,metric/test_acc,metric/test_accuracy,metric/test_auc,metric/test_auc_roc,metric/test_f1,metric/test_f1_score,metric/test_precision,metric/test_recall,metric/test_size,metric/total_parameters,metric/train_acc,metric/train_accuracy,metric/train_loss,metric/train_size,metric/trainable_parameters,metric/val_acc,metric/val_accuracy,metric/val_auc,metric/val_loss
ru392cz3,base_model_training_CLAHE_OFF,finished,2025-09-24T06:27:10Z,471,,https://wandb.ai/tahmidulkashfi15-international-islamic-university-chittagong/base_ccal/runs/ru392cz3,32,,IQ-OTH/NCCD,,,,,50,16,0.001,CrossEntropyLoss,CCAL,4,Adam,,,,64,176.851712287,201,1758695399.697711,476,20,98.66071428571428,0.002356624463573098,,1097,50,0.001,,,84.54545454545455,,98.96670839577608,,79.84791748225562,76.91207005506907,84.54545454545455,220,631203,,98.57549857549856,0.03569876017387618,877,631203,,88,,0.7380810889105002
vuq61q8c,base_model_training_CLAHE_ON,finished,2025-09-24T06:35:09Z,527,,https://wandb.ai/tahmidulkashfi15-international-islamic-university-chittagong/base_ccal/runs/vuq61q8c,32,,IQ-OTH/NCCD,,,,,50,16,0.001,CrossEntropyLoss,CCAL,4,Adam,,,,64,423.496421489,201,1758696124.692953,534,20,99.55357142857144,0.0013540034415200353,,1097,50,0.001,,,65,,99.22164780738224,,63.30047718352647,82.05696202531647,65,220,631203,,99.57264957264957,0.01820344866295769,877,631203,,70.85714285714286,,0.8312647889057795
zx9whkwl,base_model_training,finished,2025-09-25T06:53:49Z,416,,https://wandb.ai/tahmidulkashfi15-international-islamic-university-chittagong/base_ccal/runs/zx9whkwl,32,,IQ-OTH/NCCD,,,,,50,16,0.001,CrossEntropyLoss,CCAL,4,Adam,,,,64,421.653928199,202,1758783640.874616,422,20,99.4047619047619,0.0106282914057374,,1097,50,0.001,,,52.27272727272727,,98.742510969847,,44.0745946598014,81.50431597119879,52.27272727272727,220,631203,,99.14529914529916,0.026005930269920183,877,631203,,60.57142857142857,,3.0857575138409934
jt4s7z8t,base_model_training,finished,2025-09-25T08:07:11Z,421,,https://wandb.ai/tahmidulkashfi15-international-islamic-university-chittagong/base_ccal/runs/jt4s7z8t,32,,IQ-OTH/NCCD,,,,,50,16,0.001,CrossEntropyLoss,CCAL,4,Adam,,,,,426.139416704,202,1758788050.0710804,426,20,97.4702380952381,0.0319189615547657,,1097,50,0.001,,,92.72727272727272,,99.39255071869285,,91.55306253481032,93.48221772801264,92.72727272727272,220,703331,,97.29344729344729,0.0827304655897685,877,703331,,92,,0.31754696221711737
ozfs0jss,base_model_training,finished,2025-09-25T14:07:04Z,432,,https://wandb.ai/tahmidulkashfi15-international-islamic-university-chittagong/base_ccal/runs/ozfs0jss,32,,IQ-OTH/NCCD,,,,,50,16,0.001,CrossEntropyLoss,CCAL,4,Adam,,,,,437.00841785,202,1758809651.0763626,437,20,65.47619047619048,0.5739324688911438,,,50,0.001,,,51.36363636363637,,83.45983964576347,,34.859404859404854,26.382231404958677,51.36363636363637,220,703331,,65.66951566951568,0.8183579336513173,877,703331,,58.857142857142854,,1.30000901222229
4ia057ge,base_model_training,finished,2025-09-25T14:17:41Z,450,,https://wandb.ai/tahmidulkashfi15-international-islamic-university-chittagong/base_ccal/runs/4ia057ge,32,,IQ-OTH/NCCD,,,,,50,16,0.001,CrossEntropyLoss,CCAL,4,Adam,,,,,455.519202444,202,1758810306.391173,455,20,91.8154761904762,0.13947083055973053,,,50,0.001,,,39.09090909090909,,93.3553969558876,,23.679207867366344,66.70943888647237,39.09090909090909,220,703331,,91.88034188034187,0.191863013939424,877,703331,,25.142857142857142,,5.645979801813762
cl2fofmi,base_model_training,finished,2025-09-25T14:53:07Z,220,,https://wandb.ai/tahmidulkashfi15-international-islamic-university-chittagong/base_ccal/runs/cl2fofmi,32,,IQ-OTH/NCCD,,,,,50,16,0.001,CrossEntropyLoss,CCAL,4,Adam,,,,,,,,228,,,,,,,,,,,,,,,,,,,,,,,,,,,
2nj48xe4,base_model_training,finished,2025-09-25T14:57:59Z,82,,https://wandb.ai/tahmidulkashfi15-international-islamic-university-chittagong/base_ccal/runs/2nj48xe4,32,,IQ-OTH/NCCD,,,,,50,16,0.001,CrossEntropyLoss,CCAL,4,Adam,,,,,,,,90,,,,,,,,,,,,,,,,,,,,,,,,,,,
1680qoe2,base_model_training,finished,2025-09-25T14:59:29Z,424,,https://wandb.ai/tahmidulkashfi15-international-islamic-university-chittagong/base_ccal/runs/1680qoe2,32,,IQ-OTH/NCCD,,,,,50,16,0.001,CrossEntropyLoss,CCAL,4,Adam,,,,,430.009186687,202,1758812791.6306255,430,20,92.41071428571428,0.6786824464797974,,1097,50,0.001,,,11.818181818181818,,92.81627946992384,,4.63701671891327,39.28990364474236,11.818181818181818,220,703331,,92.5925925925926,0.18316118961030783,702,703331,,13.142857142857142,,6.728771527608235
srcaa9lw,base_model_training,finished,2025-09-25T15:41:36Z,1100,,https://wandb.ai/tahmidulkashfi15-international-islamic-university-chittagong/base_ccal/runs/srcaa9lw,32,/kaggle/input/the-iqothnccd-lung-cancer-dataset/The IQ-OTHNCCD lung cancer dataset,,cuda,,,,50,16,0.001,,,4,,42,0.1,0.1,,774.908502159,49,1758815666.2335408,1104,,,,,,50,,,,,,,,,,,,,0.9852104664391352,,0.0428132569346899,,,0.9174311926605504,,,0.26266575684993093
powkax2o,base_model_training,finished,2025-09-25T16:41:04Z,57,,https://wandb.ai/tahmidulkashfi15-international-islamic-university-chittagong/base_ccal/runs/powkax2o,32,/kaggle/input/the-iqothnccd-lung-cancer-dataset/The IQ-OTHNCCD lung cancer dataset,,cuda,,,,50,16,0.001,,,4,,42,0.1,0.1,,,,,62,,,,,,,,,,,,,,,,,,,,,,,,,,,
gp1jetvd,base_model_training,finished,2025-09-25T16:42:07Z,178,,https://wandb.ai/tahmidulkashfi15-international-islamic-university-chittagong/base_ccal/runs/gp1jetvd,32,/kaggle/input/the-iqothnccd-lung-cancer-dataset/The IQ-OTHNCCD lung cancer dataset,,cuda,,,,50,16,0.001,,,4,,42,0.1,0.1,,182.081817632,50,1758818704.084575,182,,,,,,50,,,0.44545454545454544,,0.915024630541872,,0.3384509993552547,,0.7074380165289256,0.44545454545454544,,,0.9794754846066136,,0.07151750785839174,,,0.4909090909090909,,,3.0697583025152033
nxphtsas,base_model_training,finished,2025-09-26T06:02:54Z,185,,https://wandb.ai/tahmidulkashfi15-international-islamic-university-chittagong/base_ccal/runs/nxphtsas,32,,IQ-OTH/NCCD,,,,,50,16,0.001,CrossEntropyLoss,CCAL,4,Adam,,,,,190.238194437,202,1758866757.4776995,190,20,86.01190476190476,0.19863508641719815,,1097,50,0.001,,,88.63636363636364,,95.59164239036596,,84.0436734607845,80.3596039842316,88.63636363636364,220,703331,,86.18233618233619,0.36136716265570035,702,703331,,86.28571428571429,,0.3448495517174403
nro03wi9,base_model_training,finished,2025-09-26T06:06:37Z,8,,https://wandb.ai/tahmidulkashfi15-international-islamic-university-chittagong/base_ccal/runs/nro03wi9,32,,IQ-OTH/NCCD,,,,,50,16,0.001,CrossEntropyLoss,CCAL,4,Adam,,,,,8.843189848,0,1758866798.293988,36,,,,,1097,,,,,,,,,,,,220,703331,,,,702,703331,,,,
mbsxga0j,base_model_training,finished,2025-09-26T06:07:15Z,182,,https://wandb.ai/tahmidulkashfi15-international-islamic-university-chittagong/base_ccal/runs/mbsxga0j,32,,IQ-OTH/NCCD,,,,,50,16,0.001,CrossEntropyLoss,CCAL,4,Adam,,,,,189.809658243,202,1758867016.781303,190,20,86.01190476190476,0.19863508641719815,,1097,50,0.001,,,88.63636363636364,,95.59164239036596,,84.0436734607845,80.3596039842316,88.63636363636364,220,703331,,86.18233618233619,0.36136716265570035,702,703331,,86.28571428571429,,0.3448495517174403
es50q4xz,base_model_training,finished,2025-09-26T06:15:36Z,279,,https://wandb.ai/tahmidulkashfi15-international-islamic-university-chittagong/base_ccal/runs/es50q4xz,32,,IQ-OTH/NCCD,,,,,100,16,0.001,CrossEntropyLoss,CCAL,4,Adam,,,,,301.979248048,328,1758867630.7322774,304,20,52.529761904761905,0.8487128019332886,,1097,82,0.001,,,,,,,,,,220,703331,,52.99145299145299,0.942312254147096,702,703331,,36,,1.1371166507403057
7m6czi8b,base_model_training,finished,2025-09-26T06:20:42Z,33,,https://wandb.ai/tahmidulkashfi15-international-islamic-university-chittagong/base_ccal/runs/7m6czi8b,64,,IQ-OTH/NCCD,,,,,50,16,0.001,CrossEntropyLoss,CCAL,4,Adam,,,,,40.859069955,24,1758867674.9743888,41,10,80.1994301994302,0.6617251634597778,,1097,8,0.001,,,,,,,,,,220,703331,,80.1994301994302,0.5478004921566356,702,703331,,57.142857142857146,,1.2291007041931152
trgrzi85,base_model_training,finished,2025-09-26T06:22:03Z,204,,https://wandb.ai/tahmidulkashfi15-international-islamic-university-chittagong/base_ccal/runs/trgrzi85,64,,IQ-OTH/NCCD,,,,,50,16,0.001,CrossEntropyLoss,CCAL,4,Adam,,,,,210.031554144,152,1758867925.7466233,210,10,91.88034188034187,0.08718560636043549,,1097,50,0.001,,,51.81818181818182,,93.5349214997921,,36.05405148665336,39.47423544197738,51.81818181818182,220,703331,,91.88034188034187,0.2709247639233416,702,703331,,52.57142857142857,,7.780195871988933
724rf6ly,base_model_training,finished,2025-09-26T06:25:42Z,198,,https://wandb.ai/tahmidulkashfi15-international-islamic-university-chittagong/base_ccal/runs/724rf6ly,64,,IQ-OTH/NCCD,,,,,50,16,0.001,CrossEntropyLoss,CCAL,4,Adam,,,,,203.922757435,152,1758868138.313782,204,10,100,0.00017673206457402557,,1097,50,0.001,,,100,,100,,100,100,100,220,703331,,100,0.0002295065483353524,702,703331,,100,,0.002239127022524675
upe55nl1,base_model_training,finished,2025-09-26T06:42:13Z,137,,https://wandb.ai/tahmidulkashfi15-international-islamic-university-chittagong/base_ccal/runs/upe55nl1,64,,IQ-OTH/NCCD,,,,,50,16,0.001,CrossEntropyLoss,CCAL,4,Adam,,,,,144.026270403,109,1758869068.5422237,145,0,98.4375,0.07205076515674591,,1097,36,0.001,,,,,,,,,,220,703331,,97.008547008547,0.09527707150713964,702,703331,,42.857142857142854,,7.64107100168864
5w59k7cx,base_model_training,finished,2025-09-27T08:24:48Z,224,,https://wandb.ai/tahmidulkashfi15-international-islamic-university-chittagong/base_ccal/runs/5w59k7cx,64,,IQ-OTH/NCCD,,,,,50,16,0.001,CrossEntropyLoss,CCAL,4,Adam,,,,,228.921915438,152,1758961707.5746126,229,10,100,0.00028944184305146337,,1097,50,0.001,,,98.1818181818182,,99.87607371369975,,98.1818181818182,98.1818181818182,98.1818181818182,220,703331,,100,0.00025624543195590377,877,703331,,98.1818181818182,,0.08827360163559206
0h6bvly4,base_model_training,finished,2025-09-27T08:58:13Z,222,,https://wandb.ai/tahmidulkashfi15-international-islamic-university-chittagong/base_ccal/runs/0h6bvly4,64,,IQ-OTH/NCCD,,,,,50,16,0.001,CrossEntropyLoss,CCAL,4,Adam,,,,,227.552071776,152,1758963713.291656,227,10,100,0.00018742393876891583,,1097,50,0.001,,,98.1818181818182,,99.92311469484196,,98.2004796460182,98.33732057416267,98.1818181818182,220,703331,,100,0.00034397785514426814,877,703331,,98.1818181818182,,0.0869881783000892
jdeotkgr,base_model_training,finished,2025-09-27T09:06:35Z,219,,https://wandb.ai/tahmidulkashfi15-international-islamic-university-chittagong/base_ccal/runs/jdeotkgr,32,,IQ-OTH/NCCD,,,,,50,16,0.001,CrossEntropyLoss,CCAL,4,Adam,,,,,225.369896818,202,1758964210.3791163,225,20,100,0.0005804806132800877,,1097,50,0.001,,,95,,99.2197589644398,,95.0206371050624,95.44440101258284,95,220,703331,,99.77194982896238,0.008924589778221812,877,703331,,95,,0.1448049976357392
8g1idx65,base_model_training,finished,2025-09-27T09:24:08Z,209,,https://wandb.ai/tahmidulkashfi15-international-islamic-university-chittagong/base_ccal/runs/8g1idx65,32,/kaggle/input/the-iqothnccd-lung-cancer-dataset/The IQ-OTHNCCD lung cancer dataset,,cuda,0.5,,,50,16,0.001,,,4,,,,,,214.251717928,202,1758965255.4821026,214,20,98.66071428571428,0.05950317904353142,,1097,50,0.001,,,77.72727272727272,,99.25136043533932,,76.01217141968804,84.42275515895147,77.72727272727272,220,703331,,98.85974914481186,0.045532141306986365,877,703331,,77.72727272727273,,0.8093939423561096
gc7uksqm,base_model_training,finished,2025-09-27T09:31:11Z,33,,https://wandb.ai/tahmidulkashfi15-international-islamic-university-chittagong/base_ccal/runs/gc7uksqm,32,/kaggle/input/the-iqothnccd-lung-cancer-dataset/The IQ-OTHNCCD lung cancer dataset,,cuda,0.5,,,50,16,0.0001,,,4,,,,,,12.550105731,4,1758965476.5191865,40,20,37.20238095238095,0.9667290449142456,,1097,1,,0.0001,,,,,,,,,220,703331,,38.08437856328392,1.155649721622467,877,703331,,40.90909090909091,0.8387679618361437,1.1126485552106584
sthrgw2o,base_model_training,finished,2025-09-27T09:31:52Z,59,,https://wandb.ai/tahmidulkashfi15-international-islamic-university-chittagong/base_ccal/runs/sthrgw2o,32,/kaggle/input/the-iqothnccd-lung-cancer-dataset/The IQ-OTHNCCD lung cancer dataset,,cuda,0.5,,,50,16,0.0001,,,4,,,,,,63.014383163,67,1758965567.9367204,66,10,99.4318181818182,0.02692309394478798,,1097,13,,0.0001,,,,,,,,,220,703331,,98.97377423033068,0.04175991668099804,877,703331,,99.54545454545456,1,0.04296529293060303
xsrvv9a1,base_model_training,finished,2025-09-27T09:32:59Z,211,,https://wandb.ai/tahmidulkashfi15-international-islamic-university-chittagong/base_ccal/runs/xsrvv9a1,32,/kaggle/input/the-iqothnccd-lung-cancer-dataset/The IQ-OTHNCCD lung cancer dataset,,cuda,0.5,,,50,16,0.0001,,,4,,,,,,216.39284469,253,1758965788.374534,216,20,100,0.0009473114041611552,,1097,50,,0.0001,,99.54545454545456,99.9907646906259,,99.5492210237973,,99.56521739130434,99.54545454545456,220,703331,,100,0.0045135423112826955,877,703331,,99.54545454545456,0.9999076469062588,0.024568259832449257
qtgat71q,base_model_training,finished,2025-09-27T09:47:07Z,218,,https://wandb.ai/tahmidulkashfi15-international-islamic-university-chittagong/base_ccal/runs/qtgat71q,32,/kaggle/input/the-iqothnccd-lung-cancer-dataset/The IQ-OTHNCCD lung cancer dataset,,cuda,0.5,,,50,16,1e-05,,,4,,,,,,224.261811733,254,1758966643.643115,224,20,100,0.03623273968696594,,1097,50,1e-05,,,98.1818181818182,,99.55392779411584,,98.18632034890776,98.230966281425,98.1818181818182,220,703331,,100,0.05333256535232067,877,703331,,98.1818181818182,0.9955392779411584,0.11007003273282732
4415j7r1,base_model_training,finished,2025-09-27T14:08:51Z,15,,https://wandb.ai/tahmidulkashfi15-international-islamic-university-chittagong/base_ccal/runs/4415j7r1,32,/kaggle/input/the-iqothnccd-lung-cancer-dataset/The IQ-OTHNCCD lung cancer dataset,,cpu,0.5,,,50,16,1e-05,,,4,,,,,,7.359165371,0,1758982132.8211043,18,,,,,1097,,,,,,,,,,,,220,703331,,,,877,703331,,,,
8fftyh9e,base_model_training,finished,2025-09-27T14:10:44Z,54,,https://wandb.ai/tahmidulkashfi15-international-islamic-university-chittagong/base_ccal/runs/8fftyh9e,32,/kaggle/input/the-iqothnccd-lung-cancer-dataset/The IQ-OTHNCCD lung cancer dataset,,cuda,0.5,,,50,16,1e-05,,,4,,,,,,6.926827435,0,1758982245.7656546,57,,,,,1097,,,,,,,,,,,,220,703331,,,,877,703331,,,,
idt73oj0,base_model_training,finished,2025-09-27T14:15:32Z,208,,https://wandb.ai/tahmidulkashfi15-international-islamic-university-chittagong/base_ccal/runs/idt73oj0,32,/kaggle/input/the-iqothnccd-lung-cancer-dataset/The IQ-OTHNCCD lung cancer dataset,,cuda,0.5,,,50,16,1e-05,,,4,,,,,,209.41894742,53,1758982736.2984624,209,,,,98.63636363636364,1097,50,,,,98.63636363636364,99.96134766890364,,98.65279881408914,,98.6818181818182,98.63636363636364,220,647843,97.83352337514252,,0.13275416647749289,877,647843,98.63636363636364,,,0.1036687610404832
diy31a2y,base_model_training,finished,2025-09-27T14:21:04Z,71,,https://wandb.ai/tahmidulkashfi15-international-islamic-university-chittagong/base_ccal/runs/diy31a2y,32,/kaggle/input/the-iqothnccd-lung-cancer-dataset/The IQ-OTHNCCD lung cancer dataset,,cuda,0.5,,,50,16,1e-05,,,4,,,,,,,,,76,,,,,,,,,,,,,,,,,,,,,,,,,,,
ceo46o4t,base_model_training,finished,2025-09-27T14:22:21Z,0,,https://wandb.ai/tahmidulkashfi15-international-islamic-university-chittagong/base_ccal/runs/ceo46o4t,32,/kaggle/input/the-iqothnccd-lung-cancer-dataset/The IQ-OTHNCCD lung cancer dataset,,cuda,0.5,,,50,16,1e-05,,,4,,,,,,,,,25,,,,,,,,,,,,,,,,,,,,,,,,,,,
9t9n94ti,base_model_training,finished,2025-09-27T14:22:47Z,37,,https://wandb.ai/tahmidulkashfi15-international-islamic-university-chittagong/base_ccal/runs/9t9n94ti,32,/kaggle/input/the-iqothnccd-lung-cancer-dataset/The IQ-OTHNCCD lung cancer dataset,,cuda,0.5,,,50,16,1e-05,,,4,,,,,,6.179274935,0,1758982968.6284933,41,,,,,1097,,,,,,,,,,,,220,703331,,,,877,703331,,,,
e2zueglq,base_model_training,finished,2025-09-27T14:23:30Z,201,,https://wandb.ai/tahmidulkashfi15-international-islamic-university-chittagong/base_ccal/runs/e2zueglq,32,/kaggle/input/the-iqothnccd-lung-cancer-dataset/The IQ-OTHNCCD lung cancer dataset,,cuda,0.5,,,50,16,1e-05,,,4,,,,,,202.414167994,53,1758983207.235029,202,,,,99.54545454545456,1097,50,,,,99.0909090909091,99.99435041667796,,99.0912437989361,,99.09625668449198,99.0909090909091,220,703331,99.65792474344356,,0.06108158826828003,877,703331,99.0909090909091,,,0.0689949414559773
xzyv8gpe,base_model_training,finished,2025-09-28T13:07:56Z,27,,https://wandb.ai/tahmidulkashfi15-international-islamic-university-chittagong/base_ccal/runs/xzyv8gpe,32,/kaggle/input/iq-othncc-lung-cancertrain-and-test-split,,cuda,0.5,,,50,16,1e-05,,,4,,,,,,,,,32,,,,,,,,,,,,,,,,,,,,,,,,,,,
4qg7z1l3,base_model_training,finished,2025-09-28T13:08:29Z,14,,https://wandb.ai/tahmidulkashfi15-international-islamic-university-chittagong/base_ccal/runs/4qg7z1l3,32,/kaggle/input/iq-othncc-lung-cancertrain-and-test-split,,cuda,0.5,,,50,16,1e-05,,,4,,,,,,,,,19,,,,,,,,,,,,,,,,,,,,,,,,,,,
e4axahfg,base_model_training,finished,2025-09-28T13:08:49Z,528,,https://wandb.ai/tahmidulkashfi15-international-islamic-university-chittagong/base_ccal/runs/e4axahfg,32,/kaggle/input/iq-othncc-lung-cancertrain-and-test-split,,cuda,0.5,,,50,16,1e-05,,,4,,,,,,532.14988973,53,1759065455.9200647,532,,,,47.72727272727273,,50,,,,45.909090909090914,67.76224440316491,,33.2498952660243,,48.13522727272728,45.909090909090914,,703331,43.842645381984035,,1.0655597914348949,,703331,45.90909090909091,,,1.022260159254074
xa6ixz7x,base_model_training,finished,2025-09-28T13:45:15Z,285,,https://wandb.ai/tahmidulkashfi15-international-islamic-university-chittagong/base_ccal/runs/xa6ixz7x,32,/kaggle/input/iq-othncc-lung-cancertrain-and-test-split,,cuda,0.5,,,50,16,1e-05,,,4,,,,,,285.303710933,53,1759067395.4096978,285,,,,85,,50,,,,82.72727272727273,94.84867808217228,,81.39159277075902,,80.38232824523148,82.72727272727273,,703331,81.98403648802737,,0.5073459914752415,,703331,82.72727272727273,,,0.4499939254352025
k8xx9wa2,base_model_training,finished,2025-09-28T13:51:36Z,104,,https://wandb.ai/tahmidulkashfi15-international-islamic-university-chittagong/base_ccal/runs/k8xx9wa2,32,/kaggle/input/iq-othncc-lung-cancertrain-and-test-split,,cuda,0.25,,,50,16,0.0001,,,4,,,,,,104.414605913,18,1759067594.1572566,108,,,,88.18181818181819,,18,,,,,,,,,,,,703331,86.3169897377423,,0.3350864537060261,,703331,23.181818181818183,,,2.938441242490496
eyz7fyjn,base_model_training,finished,2025-09-28T13:53:26Z,4,,https://wandb.ai/tahmidulkashfi15-international-islamic-university-chittagong/base_ccal/runs/eyz7fyjn,32,/kaggle/input/iq-othncc-lung-cancertrain-and-test-split,,cuda,0.4,,,50,16,0.0001,,,4,,,,,,6.847980244,0,1759067607.074479,8,,,,,,,,,,,,,,,,,,703331,,,,,703331,,,,
0jhuox01,base_model_training,finished,2025-09-28T13:53:35Z,94,,https://wandb.ai/tahmidulkashfi15-international-islamic-university-chittagong/base_ccal/runs/0jhuox01,32,/kaggle/input/iq-othncc-lung-cancertrain-and-test-split,,cuda,0.4,,,50,16,0.0001,,,4,,,,,,97.672140615,15,1759067694.4492314,97,,,,84.54545454545455,,14,,,,,,,,,,,,703331,84.37856328392246,,0.388556039759091,,703331,79.54545454545455,,,0.5586464192186084
se1zloem,base_model_training,finished,2025-09-28T13:55:15Z,235,,https://wandb.ai/tahmidulkashfi15-international-islamic-university-chittagong/base_ccal/runs/se1zloem,32,/kaggle/input/iq-othncc-lung-cancertrain-and-test-split,,cuda,0.5,,,50,16,5e-05,,,4,,,,,,230.126451313,41,1759067939.9417052,239,,,,90.45454545454544,,41,,,,,,,,,,,,703331,92.47434435575826,,0.23820267830576217,,703331,71.81818181818181,,,0.8548622599669865
okcazfj0,base_model_training,finished,2025-09-28T13:59:16Z,280,,https://wandb.ai/tahmidulkashfi15-international-islamic-university-chittagong/base_ccal/runs/okcazfj0,32,/kaggle/input/iq-othncc-lung-cancertrain-and-test-split,,cuda,0.5,,,50,16,1e-05,,,4,,,,,,280.89414355,53,1759068231.8219569,281,,,,84.54545454545455,,50,,,,78.63636363636364,91.67377073463936,,78.35734141454407,,80.09957148115042,78.63636363636364,,703331,78.44925883694413,,0.5239901255284037,,703331,78.63636363636364,,,0.6070757593427386
4y2b0qsk,base_model_training,finished,2025-09-28T14:17:59Z,221,,https://wandb.ai/tahmidulkashfi15-international-islamic-university-chittagong/base_ccal/runs/4y2b0qsk,32,/kaggle/input/the-iqothnccd-lung-cancer-dataset/The IQ-OTHNCCD lung cancer dataset,,cuda,0.5,,,50,16,1e-05,,,4,,,,,,224.630595331,53,1759069298.482615,224,,,,99.54545454545456,1097,50,,,,99.54545454545456,99.83154455495028,,99.5450948323617,,99.5494417862839,99.54545454545456,220,703331,99.54389965792474,,0.05903251562267542,877,703331,99.54545454545456,,,0.0628446415066719
hu4p2066,base_model_training,finished,2025-09-28T15:44:28Z,12,,https://wandb.ai/tahmidulkashfi15-international-islamic-university-chittagong/base_ccal/runs/hu4p2066,32,/kaggle/input/lung-split,,cuda,0.5,,,50,16,1e-05,,,4,,,,,,,,,16,,,,,,,,,,,,,,,,,,,,,,,,,,,
m2inxl59,base_model_training,finished,2025-09-28T15:44:45Z,222,,https://wandb.ai/tahmidulkashfi15-international-islamic-university-chittagong/base_ccal/runs/m2inxl59,32,/kaggle/input/lung-split,,cuda,0.5,,,50,16,1e-05,,,4,,,,,,222.896734332,53,1759074503.3971145,223,,,,85.9090909090909,,50,,,,82.27272727272728,95.10082596936846,,81.22886617676505,,81.52185276024287,82.27272727272728,,703331,84.26453819840364,,0.4510359838604927,,703331,82.27272727272727,,,0.4752812587789127
oiijhdfj,base_model_training,finished,2025-09-28T15:49:01Z,535,,https://wandb.ai/tahmidulkashfi15-international-islamic-university-chittagong/base_ccal/runs/oiijhdfj,32,/kaggle/input/lung-split,,cuda,0.5,,,50,16,1e-05,,,4,,,,,,537.45211112,53,1759075073.054359,537,,,,88.18181818181819,,50,,,,88.18181818181819,97.5047108344668,,87.49058726442318,,87.26832124798023,88.18181818181819,,703331,84.37856328392246,,0.3811479966555323,,703331,88.18181818181819,,,0.3303656838834286
jqdm3qs6,base_model_training,finished,2025-09-28T15:58:21Z,232,,https://wandb.ai/tahmidulkashfi15-international-islamic-university-chittagong/base_ccal/runs/jqdm3qs6,32,/kaggle/input/lung-split,,cuda,0.3,,,50,16,0.0001,,,4,,,,,,236.402486947,35,1759075328.4794314,236,,,,87.72727272727273,,34,,,,,,,,,,,,703331,94.52679589509692,,0.1628457342407533,,703331,53.63636363636363,,,3.256369577658396
9fcnoeq7,base_model_training,finished,2025-09-28T16:16:41Z,323,,https://wandb.ai/tahmidulkashfi15-international-islamic-university-chittagong/base_ccal/runs/9fcnoeq7,32,/kaggle/input/lung-split,,cuda,0.3,,,50,16,1e-05,,,4,,,,,,322.664126995,48,1759076518.1808944,327,,,,69.54545454545455,,48,,,,,,,,,,,,703331,85.63283922462942,,0.3750192017427513,,703331,59.54545454545455,,,1.7929643063939045
1xj23a0f,base_model_training,finished,2025-09-28T16:23:20Z,395,,https://wandb.ai/tahmidulkashfi15-international-islamic-university-chittagong/base_ccal/runs/1xj23a0f,32,/kaggle/input/lung-split,,cuda,0.3,,,50,16,1e-05,,,4,,,,,,400.076758367,53,1759076995.3958988,400,,,,86.81818181818181,,50,,,,86.36363636363636,96.13045867963616,,82.74052649269021,,88.10636982065554,86.36363636363636,,703331,88.02736602052451,,0.33172636904886793,,703331,86.36363636363636,,,0.3401061237922737
d56i5see,base_model_training,finished,2025-09-29T13:26:12Z,811,,https://wandb.ai/tahmidulkashfi15-international-islamic-university-chittagong/base_ccal/runs/d56i5see,32,/kaggle/input/lung-split,,cuda,0.5,,,50,16,1e-05,,,4,,,,,,424.248848396,51,1759152791.6298394,815,,,,94.16058394160584,,50,,,,,,,,,,,,703331,89.33823529411765,,0.39640218019485474,,703331,89.05109489051095,,,0.48436630666255953
k9tb9idy,base_model_training,finished,2025-09-29T13:39:49Z,173,,https://wandb.ai/tahmidulkashfi15-international-islamic-university-chittagong/base_ccal/runs/k9tb9idy,32,/kaggle/input/lung-split,,cuda,0.5,,,50,16,1e-05,,,4,,,,,,153.241404076,18,1759153337.0559564,178,,,,82.48175182481752,,18,,,,,,,,,,,,703331,33.455882352941174,,1.2092589210061466,,703331,27.73722627737226,,,1.0830802917480469
55w1ntzw,base_model_training,finished,2025-09-29T13:49:58Z,206,,https://wandb.ai/tahmidulkashfi15-international-islamic-university-chittagong/base_ccal/runs/55w1ntzw,32,/kaggle/input/lung-split,,cuda,0.5,,,50,16,1e-05,,,4,,,,,,203.878878992,30,1759153997.3259375,210,,,,82.48175182481752,,30,,,,,,,,,,,,703331,39.88970588235294,,1.1076985282056473,,703331,24.087591240875913,,,1.194357657432556
7bq81m2b,base_model_training,finished,2025-09-29T13:53:29Z,107,,https://wandb.ai/tahmidulkashfi15-international-islamic-university-chittagong/base_ccal/runs/7bq81m2b,32,/kaggle/input/lung-split,,cuda,0.2,,,50,16,0.001,,,4,,,,,,111.314127771,19,1759154110.3088338,111,,,,82.48175182481752,,18,,,,,,,,,,,,703331,81.98529411764706,,0.5027971460538752,,703331,82.48175182481752,,,0.4329269677400589
urnwxv74,base_model_training,finished,2025-09-29T13:55:21Z,419,,https://wandb.ai/tahmidulkashfi15-international-islamic-university-chittagong/base_ccal/runs/urnwxv74,32,/kaggle/input/lung-split,,cuda,0.2,,,50,16,0.001,,,4,,,,,,423.46029677,53,1759154539.665342,423,,,,87.72727272727273,,50,,,,37.72727272727273,88.98011201081964,,20.669066906690663,,14.233471074380164,37.72727272727273,,703331,82.66818700114025,,0.4452613911458424,,703331,37.72727272727273,,,5.86713367115174
7nb1i480,base_model_training,finished,2025-09-29T14:03:25Z,413,,https://wandb.ai/tahmidulkashfi15-international-islamic-university-chittagong/base_ccal/runs/7nb1i480,32,/kaggle/input/lung-split,,cuda,0.5,,,50,16,1e-05,,,4,,,,,,417.938597643,53,1759155018.2292264,418,,,,84.54545454545455,,50,,,,84.54545454545455,93.74160254244892,,81.39077931769488,,79.60175438596491,84.54545454545455,,703331,81.75598631698973,,0.4830688557454518,,703331,84.54545454545455,,,0.42646144543375286
ubzwqryt,base_model_training,finished,2025-09-30T08:48:37Z,317,,https://wandb.ai/tahmidulkashfi15-international-islamic-university-chittagong/base_ccal/runs/ubzwqryt,32,/kaggle/input/lung-split,,cuda,0.5,,,50,16,1e-05,,,4,,,,,,310.959575178,24,1759222422.9499962,321,,,,50.45454545454545,,24,,,,,,,,,,,,703331,59.06499429874573,,0.8808595133679253,,703331,49.09090909090909,,,0.9580368655068534
y3i3vweu,base_model_training,finished,2025-09-30T08:53:59Z,624,,https://wandb.ai/tahmidulkashfi15-international-islamic-university-chittagong/base_ccal/runs/y3i3vweu,32,/kaggle/input/lung-split,,cuda,0.5,,,50,16,1e-05,,,4,,,,,,628.911517708,53,1759223063.2007358,629,,,,86.81818181818181,,50,,,,77.72727272727272,93.38189124665983,,75.66812838919358,,76.78987352516765,77.72727272727272,,703331,86.3169897377423,,0.3898437315864222,,703331,77.72727272727273,,,0.5395230927637645
nl01n5dg,base_model_training,crashed,2025-09-30T09:50:28Z,0,,https://wandb.ai/tahmidulkashfi15-international-islamic-university-chittagong/base_ccal/runs/nl01n5dg,32,/kaggle/input/lung-split,,cuda,0.5,,,50,16,1e-05,,,4,,,,,,,,,,,,,,,,,,,,,,,,,,,,,,,,,,,,
3n35zxwb,base_model_training,finished,2025-09-30T09:50:36Z,0,,https://wandb.ai/tahmidulkashfi15-international-islamic-university-chittagong/base_ccal/runs/3n35zxwb,32,/kaggle/input/lung-split,,cuda,0.5,,,50,16,1e-05,,,4,,,,,,,,,134,,,,,,,,,,,,,,,,,,,,,,,,,,,
q0njesnc,base_model_training,finished,2025-09-30T09:52:52Z,6,,https://wandb.ai/tahmidulkashfi15-international-islamic-university-chittagong/base_ccal/runs/q0njesnc,32,/kaggle/input/lung-split,,cuda,0.5,,,50,16,1e-05,,,4,,,,,,,,,9,,,,,,,,,,,,,,,,,,,,,,,,,,,
him8sc3a,base_model_training,finished,2025-09-30T09:54:32Z,8,,https://wandb.ai/tahmidulkashfi15-international-islamic-university-chittagong/base_ccal/runs/him8sc3a,32,/kaggle/input/lung-split,,cuda,0.5,,,50,16,1e-05,,,4,,,,,,,,,13,,,,,,,,,,,,,,,,,,,,,,,,,,,
kl8675w7,base_model_training,finished,2025-09-30T09:54:46Z,0,,https://wandb.ai/tahmidulkashfi15-international-islamic-university-chittagong/base_ccal/runs/kl8675w7,32,/kaggle/input/lung-split,,cuda,0.5,,,50,16,1e-05,,,4,,,,,,,,,25,,,,,,,,,,,,,,,,,,,,,,,,,,,
9692381b,base_model_training,finished,2025-09-30T09:55:12Z,35,,https://wandb.ai/tahmidulkashfi15-international-islamic-university-chittagong/base_ccal/runs/9692381b,32,/kaggle/input/lung-split,,cuda,0.5,,,50,16,1e-05,,,4,,,,,,,,,39,,,,,,,,,,,,,,,,,,,,,,,,,,,
xf7469lp,base_model_training,finished,2025-09-30T09:55:52Z,52,,https://wandb.ai/tahmidulkashfi15-international-islamic-university-chittagong/base_ccal/runs/xf7469lp,32,/kaggle/input/lung-split,,cuda,0.5,,,50,16,1e-05,,,4,,,,,,,,,56,,,,,,,,,,,,,,,,,,,,,,,,,,,
dqf70e8f,base_model_training,finished,2025-09-30T09:56:49Z,29,,https://wandb.ai/tahmidulkashfi15-international-islamic-university-chittagong/base_ccal/runs/dqf70e8f,32,/kaggle/input/lung-split,,cuda,0.5,,,50,16,1e-05,,,4,,,,,,6.280195771,0,1759226210.560008,34,,,,,,,,,,,,,,,,,,647843,,,,,647843,,,,
q72bcj7i,base_model_training,finished,2025-09-30T09:58:32Z,19,,https://wandb.ai/tahmidulkashfi15-international-islamic-university-chittagong/base_ccal/runs/q72bcj7i,32,/kaggle/input/lung-split,,cpu,0.5,,,50,16,1e-05,,,4,,,,,,7.699246903,0,1759226314.96111,23,,,,,,,,,,,,,,,,,,647843,,,,,647843,,,,
gfko3w0q,base_model_training,finished,2025-09-30T09:59:57Z,6,,https://wandb.ai/tahmidulkashfi15-international-islamic-university-chittagong/base_ccal/runs/gfko3w0q,32,/kaggle/input/lung-split,,cuda,0.5,,,50,16,1e-05,,,4,,,,,,6.730867006,0,1759226398.5827773,29,,,,,,,,,,,,,,,,,,647843,,,,,647843,,,,
j2q0wzh4,base_model_training,finished,2025-09-30T10:00:27Z,35,,https://wandb.ai/tahmidulkashfi15-international-islamic-university-chittagong/base_ccal/runs/j2q0wzh4,32,/kaggle/input/lung-split,,cuda,0.5,,,50,16,1e-05,,,4,,,,,,6.298568697,0,1759226427.751714,40,,,,,,,,,,,,,,,,,,647843,,,,,647843,,,,
er44ipt2,base_model_training,finished,2025-09-30T10:01:08Z,251,,https://wandb.ai/tahmidulkashfi15-international-islamic-university-chittagong/base_ccal/runs/er44ipt2,32,/kaggle/input/lung-split,,cuda,0.5,,,50,16,1e-05,,,4,,,,,,256.411493479,53,1759226718.971395,256,,,,86.81818181818181,,50,,,,42.72727272727273,89.38138692459539,,30.78323980963785,,66.56443071491614,42.72727272727273,,647843,82.89623717217788,,0.4368357929800238,,647843,42.72727272727273,,,2.3437405840626786
i98tzyas,base_model_training,finished,2025-09-30T10:06:16Z,240,,https://wandb.ai/tahmidulkashfi15-international-islamic-university-chittagong/base_ccal/runs/i98tzyas,32,/kaggle/input/lung-split,,cuda,0.5,,,50,16,1e-05,,,4,,,,,,244.17902526,53,1759227015.4782028,244,,,,87.27272727272727,,50,,,,55.00000000000001,89.44915684337101,,49.66454767502283,,68.76010101010101,55.00000000000001,,647843,84.94868871151654,,0.3894936724432877,,647843,55,,,1.2019255523170744
94khn109,base_model_training,finished,2025-09-30T10:10:41Z,237,,https://wandb.ai/tahmidulkashfi15-international-islamic-university-chittagong/base_ccal/runs/94khn109,32,/kaggle/input/lung-split,,cuda,0.5,,,50,16,1e-05,,,4,,,,,,241.567362116,53,1759227277.9262009,241,,,,90.45454545454544,,50,,,,60,96.21865049376672,,56.155898398075735,,80.58479532163743,60,,647843,93.27251995438996,,0.21378941993628228,,647843,60,,,1.0258163762544947
nv5thoei,base_model_training,finished,2025-09-30T10:15:25Z,237,,https://wandb.ai/tahmidulkashfi15-international-islamic-university-chittagong/base_ccal/runs/nv5thoei,32,/kaggle/input/lung-split,,cuda,0.5,,,50,16,1e-06,,,4,,,,,,241.567476606,53,1759227561.9766335,241,,,,71.81818181818181,,50,,,,71.81818181818181,91.03831968076751,,71.80697128133579,,72.82760376878025,71.81818181818181,,647843,61.34549600912201,,0.8767556037221637,,647843,71.81818181818181,,,0.7967240725244794
rhjgk4er,base_model_training,finished,2025-10-04T09:50:24Z,210,,https://wandb.ai/tahmidulkashfi15-international-islamic-university-chittagong/base_ccal/runs/rhjgk4er,32,/kaggle/input/the-iqothnccd-lung-cancer-dataset/The IQ-OTHNCCD lung cancer dataset,,cuda,0.5,,,50,16,1e-05,,,4,,,,,,215.032576602,53,1759571629.2382095,215,,,,100,1097,50,,,,100,100,,100,,100,100,220,703331,99.54389965792474,,0.061071356292814016,877,703331,100,,,0.04378659810338702
b3t4fysb,base_model_training,finished,2025-10-04T10:05:37Z,358,,https://wandb.ai/tahmidulkashfi15-international-islamic-university-chittagong/base_ccal/runs/b3t4fysb,32,/kaggle/input/the-iqothnccd-lung-cancer-dataset/The IQ-OTHNCCD lung cancer dataset,,cuda,0.5,,,50,16,1e-05,,,4,,,,,,364.447307431,53,1759572693.7953572,364,,,,99.90884229717412,1097,50,,,,99.45305378304468,100,,99.4577373713904,,99.47909884099492,99.45305378304468,220,703331,99.72652689152234,,0.04278550690838269,877,703331,99.45305378304468,,,0.035969128273427485
epgmlzyu,base_model_training,finished,2025-10-04T10:13:07Z,368,,https://wandb.ai/tahmidulkashfi15-international-islamic-university-chittagong/base_ccal/runs/epgmlzyu,32,/kaggle/input/the-iqothnccd-lung-cancer-dataset/The IQ-OTHNCCD lung cancer dataset,,cuda,0.5,,,50,16,1e-05,,,4,,,,,,373.4068637,53,1759573153.8286872,373,,,,88.6964448495898,1097,50,,,,87.96718322698268,97.70649873517117,,87.390934203496,,87.00626240904519,87.96718322698268,220,703331,86.05287146763902,,0.38844985451017106,877,703331,87.96718322698268,,,0.30797107549650327
l2mv372y,base_model_training,finished,2025-10-04T10:52:35Z,60,,https://wandb.ai/tahmidulkashfi15-international-islamic-university-chittagong/base_ccal/runs/l2mv372y,32,/kaggle/input/the-iqothnccd-lung-cancer-dataset/The IQ-OTHNCCD lung cancer dataset,,cuda,0.5,,,50,16,1e-05,,,4,,,,,,11.467822498,0,1759575156.392498,69,,,,,1097,,,,,,,,,,,,220,703331,,,,877,703331,,,,
ls8eemn0,base_model_training,crashed,2025-10-04T10:53:46Z,11,,https://wandb.ai/tahmidulkashfi15-international-islamic-university-chittagong/base_ccal/runs/ls8eemn0,32,/kaggle/input/the-iqothnccd-lung-cancer-dataset/The IQ-OTHNCCD lung cancer dataset,,cuda,0.5,,,50,16,1e-05,,,4,,,,,,11.241257317,0,1759575226.816787,11,,,,,1097,,,,,,,,,,,,220,703331,,,,877,703331,,,,
vqipcr4y,base_model_training,finished,2025-10-04T11:30:52Z,216,,https://wandb.ai/tahmidulkashfi15-international-islamic-university-chittagong/base_ccal/runs/vqipcr4y,32,/kaggle/input/the-iqothnccd-lung-cancer-dataset/The IQ-OTHNCCD lung cancer dataset,,cuda,0.5,,,50,16,1e-05,,,4,,,,,,220.759024763,53,1759577664.8088772,221,,,,86.36363636363636,1097,50,,,,79.54545454545455,94.57490323306546,,78.21397010245428,,78.62561161748468,79.54545454545455,220,703331,82.09806157354618,,0.47371189296245575,877,703331,79.54545454545455,,,0.4987534497465406
hbynssg5,base_model_training,finished,2025-10-04T11:36:10Z,216,,https://wandb.ai/tahmidulkashfi15-international-islamic-university-chittagong/base_ccal/runs/hbynssg5,32,/kaggle/input/the-iqothnccd-lung-cancer-dataset/The IQ-OTHNCCD lung cancer dataset,,cuda,0.2,,,50,16,0.001,,,4,,,,,,220.337591601,53,1759577982.5151613,220,,,,90,1097,50,,,,86.81818181818181,98.87158626264538,,87.63313185983706,,92.20704018600496,86.81818181818181,220,703331,90.76396807297606,,0.2111836490886552,877,703331,86.81818181818181,,,0.2829008102416992
hum8flpz,base_model_training,finished,2025-10-04T11:40:22Z,58,,https://wandb.ai/tahmidulkashfi15-international-islamic-university-chittagong/base_ccal/runs/hum8flpz,32,/kaggle/input/the-iqothnccd-lung-cancer-dataset/The IQ-OTHNCCD lung cancer dataset,,cuda,0.5,,,50,16,0.001,,,4,,,,,,65.358656278,8,1759578053.4777513,65,,,,75.9090909090909,1097,7,,,,,,,,,,,220,703331,81.75598631698973,,0.5117607308285577,877,703331,59.54545454545455,,,1.8587695530482704
htsfc025,base_model_training,finished,2025-10-04T11:41:28Z,209,,https://wandb.ai/tahmidulkashfi15-international-islamic-university-chittagong/base_ccal/runs/htsfc025,32,/kaggle/input/the-iqothnccd-lung-cancer-dataset/The IQ-OTHNCCD lung cancer dataset,,cuda,0.45,,,50,16,5e-05,,,4,,,,,,213.749088162,49,1759578294.171779,216,,,,91.36363636363636,1097,49,,,,,,,,,,,220,703331,90.99201824401368,,0.22230954148939677,877,703331,78.63636363636364,,,0.44357801760946
dqafgkpw,base_model_training,finished,2025-10-16T16:08:24Z,1,,https://wandb.ai/tahmidulkashfi15-international-islamic-university-chittagong/base_ccal/runs/dqafgkpw,32,/kaggle/input/lung-split,,cuda,0.5,,,50,16,1e-05,,,4,,,,,,256,0,1760630905.331926,256,,,,,,,,,,,,,,,,,,698430,,,,,698430,,,,
jeowlhhn,base_model_training,finished,2025-10-16T16:12:47Z,19,,https://wandb.ai/tahmidulkashfi15-international-islamic-university-chittagong/base_ccal/runs/jeowlhhn,32,/kaggle/input/lung-split,,cuda,0.5,,,50,16,1e-05,,,4,,,,,,19,0,1760631168.113845,19,,,,,,,,,,,,,,,,,,698430,,,,,698430,,,,
b1w7qwho,base_model_training,finished,2025-10-31T05:43:17Z,394,,https://wandb.ai/tahmidulkashfi15-international-islamic-university-chittagong/base_ccal/runs/b1w7qwho,32,/kaggle/input/lung-split,,cuda,0.5,,,50,16,1e-05,,,4,,,,,,394,53,1761889791.4761226,394,,,,85.9090909090909,,50,,,,85,93.74384555588448,,80.66027776548601,,78.01623484096176,85,,703331,84.94868871151654,,0.4074372787560735,,703331,85,,,0.449265718460083
u67u9s8v,base_model_training,finished,2025-10-31T05:51:52Z,396,,https://wandb.ai/tahmidulkashfi15-international-islamic-university-chittagong/base_ccal/runs/u67u9s8v,32,/kaggle/input/lung-split,,cuda,0.5,,,50,16,1e-05,,,4,,,,,,396,53,1761890309.2724466,396,,,,85,,50,,,,85,95.08566862177032,,83.18002720698564,,82.93461948909491,85,,703331,81.75598631698973,,0.5369261056184769,,703331,85,,,0.4371004487786974
en1f8uwx,base_model_training,finished,2025-10-31T05:58:49Z,101,,https://wandb.ai/tahmidulkashfi15-international-islamic-university-chittagong/base_ccal/runs/en1f8uwx,32,/kaggle/input/lung-split,,cuda,,0.5,0.2,50,16,1e-05,,,4,,,,,,101,,,101,,,,,,,,,,,,,,,,,,,,,,,,,,,
ohxq83if,base_model_training,finished,2025-10-31T06:00:38Z,390,,https://wandb.ai/tahmidulkashfi15-international-islamic-university-chittagong/base_ccal/runs/ohxq83if,32,/kaggle/input/lung-split,,cuda,,0.5,0.2,50,16,1e-05,,,4,,,,,,390,53,1761890829.0738516,390,,,,85.9090909090909,,50,,,,85.9090909090909,95.61729286471768,,81.8112699553411,,87.9881081328472,85.9090909090909,,703331,83.12428734321551,,0.4657239009227072,,703331,85.9090909090909,,,0.3881372255938394
2u8har02,base_model_training,finished,2025-10-31T06:07:32Z,766,,https://wandb.ai/tahmidulkashfi15-international-islamic-university-chittagong/base_ccal/runs/2u8har02,32,/kaggle/input/lung-split,,cuda,,0.5,0.2,100,16,1e-05,,,4,,,,,,785,103,1761891637.4687808,785,,,,90.9090909090909,,100,,,,79.0909090909091,96.88287008519336,,79.77141477141477,,85.55433539306031,79.0909090909091,,703331,91.56214367160776,,0.2382588248167719,,703331,79.0909090909091,,,0.4304626840166747
