run_name,display_name,state,created_at,compute_seconds,tags,wandb_url,config/batch_size,config/data_dir,config/device,config/dropout,config/epochs,config/image_size,config/key_dim,config/learning_rate,config/num_heads,config/seed,config/target_total_images,config/test_ratio,config/test_size,config/train_ratio,config/val_ratio,metric/_runtime,metric/_step,metric/_timestamp,metric/_wandb/runtime,metric/best_val_acc,metric/dataset/split_method,metric/dataset/test_samples,metric/dataset/train_samples,metric/dataset/val_samples,metric/epoch,metric/epoch_time_sec,metric/learning_rate,metric/model/total_parameters,metric/model/trainable_parameters,metric/test/accuracy,metric/test/auc,metric/test/f1,metric/test/f1_Benign,metric/test/f1_Malignant,metric/test/f1_Normal,metric/test/precision,metric/test/precision_Benign,metric/test/precision_Malignant,metric/test/precision_Normal,metric/test/recall,metric/test/recall_Benign,metric/test/recall_Malignant,metric/test/recall_Normal,metric/train/accuracy,metric/train/loss,metric/val/accuracy,metric/val/f1,metric/val/loss,metric/val/precision,metric/val/recall
n0odo9ay,ccal_paper_method_leaky_split,finished,2026-04-25T05:20:28Z,408,"80-20,image-level-split,leaky,paper-method",https://wandb.ai/tahmidulkashfi15-international-islamic-university-chittagong/ccal_paper_reproduction/runs/n0odo9ay,32,/kaggle/input/datasets/hamdallak/the-iqothnccd-lung-cancer-dataset/The IQ-OTHNCCD lung cancer dataset,cuda,0.5,50,224,16,0.001,4,42,10000,,0.2,,,408.730107756,9,1777094835.1296735,408,81.81818181818181,image-level random (paper method),220,9999,,7,58.10122752189636,0.001,703331,703331,,,,,,,,,,,,,,,48.824882488248825,0.9763140585094976,51.36363636363637,34.859404859404854,0.951460702078683,26.382231404958677,51.36363636363637
y7o0yhsb,ccal_paper_method_leaky_split,finished,2026-04-25T05:29:06Z,2936,"80-20,image-level-split,leaky,paper-method",https://wandb.ai/tahmidulkashfi15-international-islamic-university-chittagong/ccal_paper_reproduction/runs/y7o0yhsb,32,/kaggle/input/datasets/hamdallak/the-iqothnccd-lung-cancer-dataset/The IQ-OTHNCCD lung cancer dataset,cuda,0.5,50,224,16,1e-05,4,42,10000,,0.2,,,2936.173309169,50,1777097878.6345756,2936,96.36363636363636,image-level random (paper method),220,9999,,48,60.995089530944824,1e-05,703331,703331,,,,,,,,,,,,,,,98.34983498349835,0.04869389570222948,92.27272727272728,92.38248263364542,0.222016837980066,92.96214654910308,92.27272727272728
hptrkkr8,ccal_paper_method_leaky_split,finished,2026-04-25T09:45:06Z,18,"80-20,fp16,image-level-split,leaky,paper-method",https://wandb.ai/tahmidulkashfi15-international-islamic-university-chittagong/ccal_paper_reproduction/runs/hptrkkr8,32,/kaggle/input/iq-othnccd-lung-cancer-dataset,cuda,0.5,50,224,16,0.001,4,42,10000,,0.2,,,18,,,18,,,,,,,,,,,,,,,,,,,,,,,,,,,,,,,
u6w3rou9,ccal_paper_method_leaky_split,finished,2026-04-25T09:45:30Z,27,"80-20,fp16,image-level-split,leaky,paper-method",https://wandb.ai/tahmidulkashfi15-international-islamic-university-chittagong/ccal_paper_reproduction/runs/u6w3rou9,32,/kaggle/input/datasets/hamdallak/the-iqothnccd-lung-cancer-dataset/The IQ-OTHNCCD lung cancer dataset,cuda,0.5,50,224,16,0.001,4,42,10000,,0.2,,,27,1,1777110331.9410665,27,,image-level random (paper method),220,9999,,,,,703331,703331,,,,,,,,,,,,,,,,,,,,,
8xxzo6sg,ccal_paper_method_leaky_split,finished,2026-04-25T09:46:04Z,36,"80-20,fp16,image-level-split,leaky,paper-method",https://wandb.ai/tahmidulkashfi15-international-islamic-university-chittagong/ccal_paper_reproduction/runs/8xxzo6sg,32,/kaggle/input/datasets/hamdallak/the-iqothnccd-lung-cancer-dataset/The IQ-OTHNCCD lung cancer dataset,cuda,0.5,50,224,16,0.001,4,42,10000,,0.2,,,36.263343594,2,1777110385.0903697,36,,image-level random (paper method),220,9999,,,,,703331,703331,,,,,,,,,,,,,,,,,,,,,
3k3yk9sv,ccal_paper_method_leaky_split,finished,2026-04-25T09:49:38Z,685,"80-20,fp16,image-level-split,leaky,paper-method",https://wandb.ai/tahmidulkashfi15-international-islamic-university-chittagong/ccal_paper_reproduction/runs/3k3yk9sv,32,/kaggle/input/datasets/hamdallak/the-iqothnccd-lung-cancer-dataset/The IQ-OTHNCCD lung cancer dataset,cuda,0.5,50,224,16,0.001,4,42,10000,,0.2,,,685,12,1777111263.719045,685,53.18181818181818,image-level random (paper method),220,9999,,11,58.61664319038391,0.0005,703331,703331,,,,,,,,,,,,,,,10.94109410941094,NaN,10.909090909090908,2.1460506706408347,NaN,1.1900826446280992,10.909090909090908
o93hsunb,ccal_paper_method_leaky_split,finished,2026-04-25T10:01:26Z,1822,"80-20,fp16,image-level-split,leaky,paper-method",https://wandb.ai/tahmidulkashfi15-international-islamic-university-chittagong/ccal_paper_reproduction/runs/o93hsunb,32,/kaggle/input/datasets/hamdallak/the-iqothnccd-lung-cancer-dataset/The IQ-OTHNCCD lung cancer dataset,cuda,0.5,50,224,16,0.001,4,42,10000,,0.2,,,1822.067870987,34,1777113101.0599434,1822,53.18181818181818,image-level random (paper method),220,9999,,32,55.8258318901062,3.125e-05,703331,703331,,,,,,,,,,,,,,,10.94109410941094,NaN,10.909090909090908,2.1460506706408347,NaN,1.1900826446280992,10.909090909090908
w3o2lo9a,ccal_paper_method_leaky_split,finished,2026-04-25T10:35:31Z,100,"80-20,fp16,image-level-split,leaky,paper-method",https://wandb.ai/tahmidulkashfi15-international-islamic-university-chittagong/ccal_paper_reproduction/runs/w3o2lo9a,32,/kaggle/input/datasets/hamdallak/the-iqothnccd-lung-cancer-dataset/The IQ-OTHNCCD lung cancer dataset,cuda,0.5,50,224,16,0.001,4,42,10000,,0.2,,,100.09105502,2,1777113423.5338275,100,,image-level random (paper method),220,9999,,,,,703331,703331,,,,,,,,,,,,,,,,,,,,,
8bdhehr4,ccal_paper_method_leaky_split,finished,2026-04-25T10:37:35Z,461,"80-20,fp16,image-level-split,leaky,paper-method",https://wandb.ai/tahmidulkashfi15-international-islamic-university-chittagong/ccal_paper_reproduction/runs/8bdhehr4,32,/kaggle/input/datasets/hamdallak/the-iqothnccd-lung-cancer-dataset/The IQ-OTHNCCD lung cancer dataset,cuda,0.5,50,224,16,0.001,4,42,10000,,0.2,,,461.359520269,8,1777113912.2345068,461,79.54545454545455,image-level random (paper method),220,9999,,6,61.93499946594238,0.001,703331,703331,,,,,,,,,,,,,,,10.94109410941094,NaN,10.909090909090908,2.1460506706408347,NaN,1.1900826446280992,10.909090909090908
6sweyesz,ccal_paper_method_leaky_split,finished,2026-04-25T10:47:03Z,609,"80-20,fp16,image-level-split,leaky,paper-method",https://wandb.ai/tahmidulkashfi15-international-islamic-university-chittagong/ccal_paper_reproduction/runs/6sweyesz,32,/kaggle/input/datasets/hamdallak/the-iqothnccd-lung-cancer-dataset/The IQ-OTHNCCD lung cancer dataset,cuda,0.5,50,224,16,0.001,4,42,10000,,0.2,,,609,14,1777114629.933987,609,95,image-level random (paper method),220,9999,,13,46.14527201652527,0.001,703331,703331,,,,,,,,,,,,,,,89.25892589258926,0.2720960142751471,95,94.75460585925704,0.1589815616607666,94.94211780728637,95
ayl0hcq3,ccal_paper_method_leaky_split,finished,2026-04-25T10:57:36Z,270,"80-20,fp16,image-level-split,leaky,paper-method",https://wandb.ai/tahmidulkashfi15-international-islamic-university-chittagong/ccal_paper_reproduction/runs/ayl0hcq3,32,/kaggle/input/datasets/hamdallak/the-iqothnccd-lung-cancer-dataset/The IQ-OTHNCCD lung cancer dataset,cuda,0.5,50,224,16,0.001,4,42,10000,,0.2,,,270.068348341,5,1777114916.260224,270,53.18181818181818,image-level random (paper method),220,9999,,3,54.81613302230835,0.001,703331,703331,,,,,,,,,,,,,,,10.94109410941094,NaN,10.909090909090908,2.1460506706408347,NaN,1.1900826446280992,10.909090909090908
f1c134pv,ccal_paper_method_leaky_split,finished,2026-04-25T11:03:11Z,126,"80-20,fp16,image-level-split,leaky,paper-method",https://wandb.ai/tahmidulkashfi15-international-islamic-university-chittagong/ccal_paper_reproduction/runs/f1c134pv,32,/kaggle/input/datasets/hamdallak/the-iqothnccd-lung-cancer-dataset/The IQ-OTHNCCD lung cancer dataset,cuda,0.5,50,224,16,0.001,4,42,10000,,0.2,,,126.245894343,4,1777115110.990162,126,66.36363636363636,image-level random (paper method),220,9999,,2,45.932889223098755,0.001,703331,703331,,,,,,,,,,,,,,,78.74787478747875,0.5945456441218099,66.36363636363636,62.86639118457301,0.7953501343727112,71.30862767805442,66.36363636363637
53nfqdrd,ccal_paper_method_leaky_split,finished,2026-04-25T11:05:56Z,2472,"80-20,fp16,image-level-split,leaky,paper-method",https://wandb.ai/tahmidulkashfi15-international-islamic-university-chittagong/ccal_paper_reproduction/runs/53nfqdrd,32,/kaggle/input/datasets/hamdallak/the-iqothnccd-lung-cancer-dataset/The IQ-OTHNCCD lung cancer dataset,cuda,0.5,50,224,16,0.001,4,42,10000,,0.2,,,2472,58,1777117629.2870424,2472,99.54545454545456,image-level random (paper method),220,9999,,50,49.30989384651184,6.25e-05,703331,703331,99.54545454545456,99.99436304050484,99.54197987004714,97.87234042553192,100,99.4011976047904,99.5508658008658,100,100,98.8095238095238,99.54545454545456,95.83333333333334,100,100,98.81988198819882,0.03725114286523854,99.0909090909091,99.07655750047054,0.023200021208530024,99.11229946524064,99.0909090909091
an5ltmdb,ccal_paper_method_leaky_split,finished,2026-04-25T13:07:28Z,2299,"80-20,fp16,image-level-split,leaky,paper-method",https://wandb.ai/tahmidulkashfi15-international-islamic-university-chittagong/ccal_paper_reproduction/runs/an5ltmdb,32,/kaggle/input/datasets/hamdallak/the-iqothnccd-lung-cancer-dataset/The IQ-OTHNCCD lung cancer dataset,cuda,0.5,50,224,16,1e-06,4,42,10000,,0.2,,,2299,58,1777124748.3692036,2299,87.27272727272727,image-level random (paper method),220,9999,,50,45.967612981796265,1e-06,703331,703331,87.27272727272727,96.17632765575766,82.57083715090434,0,98.24561403508773,85.1063829787234,78.7683041596085,0,97.3913043478261,76.19047619047619,87.27272727272727,0,99.1150442477876,96.3855421686747,81.75817581758176,0.4783329751354437,87.27272727272727,82.57083715090434,0.34145383749689373,78.7683041596085,87.27272727272727
2ivwr5ed,ccal_sequential_split_no_shuffle,finished,2026-04-26T05:49:01Z,2353,"70-20-10,honest,no-shuffle,sequential-split",https://wandb.ai/tahmidulkashfi15-international-islamic-university-chittagong/ccal_paper_reproduction/runs/2ivwr5ed,32,/kaggle/input/datasets/hamdallak/the-iqothnccd-lung-cancer-dataset/The IQ-OTHNCCD lung cancer dataset,cuda,0.5,50,224,16,0.001,4,42,10000,0.1,,0.7,0.2,2353,58,1777184895.0424852,2353,87.1559633027523,sequential 70/20/10 (no shuffle),112,9999,218,50,46.39020276069641,1.5625e-05,703331,703331,87.5,96.1509224902082,82.23219167382645,0,96.61016949152544,88.17204301075269,77.70267943242872,0,93.44262295081968,80.3921568627451,87.5,0,100,97.61904761904762,99.70997099709972,0.009875278862945931,75.22935779816514,78.50988464663382,2.0383013678427915,83.76949574845686,75.22935779816514
r2fqyaio,ccal_paper_method_leaky_split,finished,2026-04-26T06:39:52Z,2280,"80-20,fp16,image-level-split,leaky,paper-method",https://wandb.ai/tahmidulkashfi15-international-islamic-university-chittagong/ccal_paper_reproduction/runs/r2fqyaio,32,/kaggle/input/datasets/hamdallak/the-iqothnccd-lung-cancer-dataset/The IQ-OTHNCCD lung cancer dataset,cuda,0.5,50,224,16,0.0001,4,42,10000,,0.2,,,2280,58,1777187873.463837,2280,98.63636363636364,image-level random (paper method),220,9999,,50,44.87118124961853,6.25e-06,703331,703331,98.63636363636364,99.85012120309304,98.60301237224314,93.33333333333331,100,98.22485207100593,98.68393234672304,100,100,96.51162790697676,98.63636363636364,87.5,100,100,99.7899789978998,0.006611274226164883,98.1818181818182,98.12056392805056,0.1413605726840095,98.26541274817136,98.1818181818182
aqw74ywe,ccal_paper_method_leaky_split,crashed,2026-04-26T07:45:34Z,2341,"80-20,fp16,image-level-split,leaky,paper-method",https://wandb.ai/tahmidulkashfi15-international-islamic-university-chittagong/ccal_paper_reproduction/runs/aqw74ywe,32,/kaggle/input/datasets/hamdallak/the-iqothnccd-lung-cancer-dataset/The IQ-OTHNCCD lung cancer dataset,cuda,0.5,50,224,16,0.0001,4,42,10000,,0.2,,,2341.001512243,58,1777191875.9472966,2341,97.72727272727272,image-level random (paper method),220,9999,,50,46.55682945251465,6.561e-09,703331,703331,97.72727272727272,99.82425551507929,97.7435767695508,89.79591836734694,100,96.96969696969695,97.77073170731708,88,100,97.5609756097561,97.72727272727272,91.66666666666666,100,96.3855421686747,99.08990899089908,0.025923634216783734,97.27272727272728,97.27272727272728,0.0881889355867835,97.27272727272728,97.27272727272728
ycctys5s,ccal_paper_method_leaky_split,crashed,2026-04-26T09:28:39Z,12,"80-20,fp16,image-level-split,leaky,paper-method",https://wandb.ai/tahmidulkashfi15-international-islamic-university-chittagong/ccal_paper_reproduction/runs/ycctys5s,32,/kaggle/input/datasets/hamdallak/the-iqothnccd-lung-cancer-dataset/The IQ-OTHNCCD lung cancer dataset,cuda,0.5,50,224,16,0.0001,4,42,10000,,0.2,,,12.895650938,1,1777195732.9073715,12,,image-level random (paper method),220,9999,,,,,660259,660259,,,,,,,,,,,,,,,,,,,,,
e5lvtssc,ccal_paper_method_leaky_split,crashed,2026-04-26T09:37:21Z,2219,"80-20,fp16,image-level-split,leaky,paper-method",https://wandb.ai/tahmidulkashfi15-international-islamic-university-chittagong/ccal_paper_reproduction/runs/e5lvtssc,32,/kaggle/input/datasets/hamdallak/the-iqothnccd-lung-cancer-dataset/The IQ-OTHNCCD lung cancer dataset,cuda,0.5,50,224,16,0.0001,4,42,10000,,0.2,,,2219.907592475,52,1777198461.1466749,2219,99.54545454545456,image-level random (paper method),220,9999,,50,44.464601039886475,7.8125e-07,666403,666403,,,,,,,,,,,,,,,99.5899589958996,0.013880277710905792,99.0909090909091,99.07655750047054,0.02803073033750739,99.11229946524064,99.0909090909091
o9knycxr,ccal_sequential_split_no_shuffle,finished,2026-04-26T11:44:38Z,2308,"70-20-10,honest,no-shuffle,sequential-split",https://wandb.ai/tahmidulkashfi15-international-islamic-university-chittagong/ccal_paper_reproduction/runs/o9knycxr,32,/kaggle/input/datasets/hamdallak/the-iqothnccd-lung-cancer-dataset/The IQ-OTHNCCD lung cancer dataset,cuda,0.5,50,224,16,0.001,4,42,10000,0.1,,0.7,0.2,2308,58,1777206187.295706,2308,85.77981651376147,sequential 70/20/10 (no shuffle),112,9999,218,50,46.31963753700256,3.90625e-06,703331,703331,83.92857142857143,96.8555452484024,81.67417624944716,21.052631578947366,95,82.35294117647058,80.43822180034806,33.33333333333333,90.47619047619048,81.3953488372093,83.92857142857143,15.384615384615383,100,83.33333333333334,99.45994599459948,0.0186315318678506,82.56880733944953,83.00058542885094,1.1012835533708427,84.01738290680831,82.56880733944955
dg7ocdb5,ccal_sequential_split_no_shuffle,finished,2026-04-26T12:31:05Z,2276,"70-20-10,honest,no-shuffle,sequential-split",https://wandb.ai/tahmidulkashfi15-international-islamic-university-chittagong/ccal_paper_reproduction/runs/dg7ocdb5,32,/kaggle/input/datasets/hamdallak/the-iqothnccd-lung-cancer-dataset/The IQ-OTHNCCD lung cancer dataset,cuda,0.5,50,224,16,0.001,4,42,10000,0.1,,0.7,0.2,2276,60,1777208941.9495122,2276,86.23853211009174,sequential 70/20/10 (no shuffle),112,9999,218,50,45.20333409309387,4.8828125e-07,666403,666403,85.71428571428571,94.8260667903525,84.51820238584945,27.27272727272727,97.43589743589745,84.70588235294117,83.61261074197121,33.33333333333333,95,83.72093023255815,85.71428571428571,23.076923076923077,100,85.71428571428571,99.16991699169915,0.02570365286940036,67.88990825688073,71.16683903220621,1.703469962761119,77.44019584918819,67.88990825688074
kw35qq77,ccal_sequential_split_no_shuffle,crashed,2026-06-23T04:43:03Z,9,"70-20-10,honest,no-shuffle,sequential-split",https://wandb.ai/tahmidulkashfi15-international-islamic-university-chittagong/ccal_paper_reproduction/runs/kw35qq77,32,/kaggle/input/datasets/hamdallak/the-iqothnccd-lung-cancer-dataset/The IQ-OTHNCCD lung cancer dataset,cuda,0.5,50,224,16,0.001,4,42,10000,0.1,,0.7,0.2,9.371280819,1,1782189792.7971714,9,,sequential 70/20/10 (no shuffle),221,9998,0,,,,666403,666403,,,,,,,,,,,,,,,,,,,,,
kveoz4z5,ccal_sequential_split_no_shuffle,finished,2026-06-23T05:03:51Z,1711,"70-20-10,honest,no-shuffle,sequential-split",https://wandb.ai/tahmidulkashfi15-international-islamic-university-chittagong/ccal_paper_reproduction/runs/kveoz4z5,32,/kaggle/input/datasets/hamdallak/the-iqothnccd-lung-cancer-dataset/The IQ-OTHNCCD lung cancer dataset,cuda,0.5,50,224,16,0.001,4,42,10000,0.1,,0.7,0.2,1711,60,1782192742.9417238,1711,96.38009049773756,sequential 70/20/10 (no shuffle),221,9998,221,50,33.98693037033081,9.765625e-07,666403,666403,96.38009049773756,98.97266675932497,96.38009049773756,83.33333333333334,100,95.23809523809524,96.38009049773756,83.33333333333334,100,95.23809523809524,96.38009049773756,83.33333333333334,100,95.23809523809524,99.30986197239449,0.022289720921842025,95.92760180995477,95.66140602582496,0.22811627745043747,96.01973751561188,95.92760180995477
csy861h2,ccal_sequential_split_no_shuffle,finished,2026-06-23T05:32:25Z,1715,"70-20-10,honest,no-shuffle,sequential-split",https://wandb.ai/tahmidulkashfi15-international-islamic-university-chittagong/ccal_paper_reproduction/runs/csy861h2,32,/kaggle/input/datasets/hamdallak/the-iqothnccd-lung-cancer-dataset/The IQ-OTHNCCD lung cancer dataset,cuda,0.5,50,224,16,0.001,4,42,10000,0.1,,0.7,0.2,1715,60,1782194460.45622,1715,98.19004524886878,sequential 70/20/10 (no shuffle),221,9998,221,50,33.96128749847412,3.90625e-06,666403,666403,98.19004524886876,99.85770975237271,98.12882056384107,90.9090909090909,100,97.67441860465117,98.27231591937476,100,100,95.45454545454544,98.19004524886876,83.33333333333334,100,100,99.73994798959792,0.009801742269152931,97.28506787330316,97.19933410824493,0.18820102941142688,97.46606334841628,97.28506787330316
va6vq1xh,ccal_sequential_split_no_shuffle,finished,2026-06-23T06:01:02Z,1666,"70-20-10,honest,no-shuffle,sequential-split",https://wandb.ai/tahmidulkashfi15-international-islamic-university-chittagong/ccal_paper_reproduction/runs/va6vq1xh,32,/kaggle/input/datasets/hamdallak/the-iqothnccd-lung-cancer-dataset/The IQ-OTHNCCD lung cancer dataset,cuda,0.5,50,224,16,0.001,4,42,10000,0.1,,0.7,0.2,1707,60,1782196170.683249,1707,95.92760180995477,sequential 70/20/10 (no shuffle),221,9998,221,50,34.37548542022705,1.953125e-06,666403,666403,95.92760180995477,99.41939814682088,95.7339231153992,79.06976744186046,99.55947136563876,95.34883720930232,95.81682507379102,89.47368421052632,99.12280701754386,93.18181818181816,95.92760180995477,70.83333333333334,100,97.61904761904762,99.20984196839368,0.026077533662670137,95.47511312217196,95.45740118838846,0.20316141832596,95.45955739377496,95.47511312217196
n9ubb222,ccal_sequential_split_no_shuffle,finished,2026-06-23T06:29:33Z,1718,"70-20-10,honest,no-shuffle,sequential-split",https://wandb.ai/tahmidulkashfi15-international-islamic-university-chittagong/ccal_paper_reproduction/runs/n9ubb222,32,/kaggle/input/datasets/hamdallak/the-iqothnccd-lung-cancer-dataset/The IQ-OTHNCCD lung cancer dataset,cuda,0.5,50,224,16,0.001,4,42,10000,0.1,,0.7,0.2,1718,60,1782197891.7893662,1718,87.33031674208145,sequential 70/20/10 (no shuffle),221,9998,221,50,34.03439950942993,4.8828125e-07,666403,666403,87.33031674208145,97.05040266080384,82.6923076923077,0,98.23008849557522,85.41666666666666,79.08496732026144,0,98.23008849557522,75.92592592592592,87.33031674208145,0,98.23008849557522,97.61904761904762,99.08981796359272,0.024192166489693755,79.63800904977376,81.47838549222632,1.6225105512754194,89.15248912412677,79.63800904977376
eaa0v7x9,ccal_sequential_split_no_shuffle,finished,2026-06-23T06:58:14Z,1668,"70-20-10,honest,no-shuffle,sequential-split",https://wandb.ai/tahmidulkashfi15-international-islamic-university-chittagong/ccal_paper_reproduction/runs/eaa0v7x9,32,/kaggle/input/datasets/hamdallak/the-iqothnccd-lung-cancer-dataset/The IQ-OTHNCCD lung cancer dataset,cuda,0.5,50,224,16,0.001,4,42,10000,0.1,,0.7,0.2,1708,60,1782199603.1435242,1708,88.68778280542986,sequential 70/20/10 (no shuffle),221,9998,221,50,33.43849468231201,2.44140625e-07,666403,666403,88.68778280542986,98.08124442855802,88.19356710597627,41.86046511627907,100,85.54913294797689,87.87833379269007,47.368421052631575,100,83.14606741573034,88.68778280542986,37.5,100,88.09523809523809,99.67993598719744,0.011099680691105136,85.06787330316742,86.30819316831133,1.986816038991427,92.96446062261823,85.06787330316742
40j4zolz,ccal_sequential_split_no_shuffle,finished,2026-06-23T07:26:45Z,1678,"70-20-10,honest,no-shuffle,sequential-split",https://wandb.ai/tahmidulkashfi15-international-islamic-university-chittagong/ccal_paper_reproduction/runs/40j4zolz,32,/kaggle/input/datasets/hamdallak/the-iqothnccd-lung-cancer-dataset/The IQ-OTHNCCD lung cancer dataset,cuda,0.5,50,224,16,0.001,4,42,10000,0.1,,0.7,0.2,1720,60,1782201325.3541963,1720,88.23529411764706,sequential 70/20/10 (no shuffle),221,9998,221,50,33.97544240951538,9.765625e-07,666403,666403,88.23529411764706,96.37765947547928,83.49051361435264,0,99.12280701754386,86.31578947368422,79.64521026432911,0,98.2608695652174,77.35849056603774,88.23529411764706,0,100,97.61904761904762,98.85977195439088,0.03742722546856664,80.99547511312217,82.56871682531303,1.5881302427348731,88.66858631564513,80.99547511312217
d9r5n28l,ccal_sequential_split_no_shuffle,finished,2026-06-24T15:58:54Z,1590,"70-20-10,honest,no-shuffle,sequential-split",https://wandb.ai/tahmidulkashfi15-international-islamic-university-chittagong/ccal_paper_reproduction/runs/d9r5n28l,32,/kaggle/input/datasets/hamdallak/the-iqothnccd-lung-cancer-dataset/The IQ-OTHNCCD lung cancer dataset,cuda,0.5,50,224,16,0.001,4,42,10000,0.1,,0.7,0.2,1629,60,1782318364.362014,1629,87.78280542986425,sequential 70/20/10 (no shuffle),221,9998,221,50,32.15852904319763,9.765625e-07,666403,666403,87.78280542986425,96.75723426118468,84.3913924776315,15.384615384615383,97.73755656108597,86.15384615384616,90.7545554604378,100,100,75.67567567567568,87.78280542986425,8.333333333333332,95.57522123893806,100,98.8997799559912,0.03796390106114491,83.2579185520362,84.58499322269323,1.0495744931343174,87.82647217036357,83.2579185520362
yfvdulr6,ccal_sequential_split_no_shuffle,finished,2026-06-24T16:26:07Z,1620,"70-20-10,honest,no-shuffle,sequential-split",https://wandb.ai/tahmidulkashfi15-international-islamic-university-chittagong/ccal_paper_reproduction/runs/yfvdulr6,32,/kaggle/input/datasets/hamdallak/the-iqothnccd-lung-cancer-dataset/The IQ-OTHNCCD lung cancer dataset,cuda,0.5,50,224,16,0.001,4,42,10000,0.1,,0.7,0.2,1620,60,1782319988.5951688,1620,90.9502262443439,sequential 70/20/10 (no shuffle),221,9998,221,50,31.94436240196228,4.8828125e-07,666403,666403,90.9502262443439,97.0162471085505,90.76787447238884,57.77777777777777,99.55555555555556,88.37209302325581,90.67990832696717,61.904761904761905,100,86.36363636363636,90.9502262443439,54.166666666666664,99.1150442477876,90.47619047619048,99.77995599119824,0.006832696200003699,81.90045248868778,83.42462491069301,1.79236003776477,88.82701009397842,81.90045248868778
qf0n2090,ccal_sequential_split_no_shuffle,finished,2026-06-24T16:53:11Z,1597,"70-20-10,honest,no-shuffle,sequential-split",https://wandb.ai/tahmidulkashfi15-international-islamic-university-chittagong/ccal_paper_reproduction/runs/qf0n2090,32,/kaggle/input/datasets/hamdallak/the-iqothnccd-lung-cancer-dataset/The IQ-OTHNCCD lung cancer dataset,cuda,0.5,50,224,16,0.001,4,42,10000,0.1,,0.7,0.2,1597,60,1782321589.5628712,1597,88.68778280542986,sequential 70/20/10 (no shuffle),221,9998,221,50,31.358073949813843,4.8828125e-07,666403,666403,88.68778280542986,96.8497372971527,83.890608875129,0,99.12280701754386,87.36842105263159,80.00378620559097,0,98.2608695652174,78.30188679245283,88.68778280542986,0,100,98.8095238095238,98.8997799559912,0.038586434559046624,84.61538461538461,85.8974358974359,1.2747054098872468,90.27149321266968,84.61538461538461
