run_name,display_name,state,created_at,compute_seconds,tags,wandb_url,config/BATCH_SIZE,config/BETA_1,config/BETA_2,config/CHANNELS_IMG,config/CRITIC_ITERATIONS,config/FEATURES_CRITIC,config/FEATURES_GEN,config/IMAGE_SIZE,config/LAMBDA_GP,config/LEARNING_RATE,config/NOISE_DIM,config/NUM_EPOCHS,config/_wandb,metric/Batch,metric/Discriminator Loss,metric/Epoch,metric/Fake Images/_type,metric/Fake Images/captions,metric/Fake Images/count,metric/Fake Images/filenames,metric/Fake Images/format,metric/Fake Images/height,metric/Fake Images/width,metric/Generated Images/_type,metric/Generated Images/captions,metric/Generated Images/count,metric/Generated Images/filenames,metric/Generated Images/format,metric/Generated Images/height,metric/Generated Images/width,metric/Generator Loss,metric/Real Images/_type,metric/Real Images/captions,metric/Real Images/count,metric/Real Images/filenames,metric/Real Images/format,metric/Real Images/height,metric/Real Images/width,metric/_runtime,metric/_step,metric/_timestamp,metric/_wandb/runtime
mlkjqi31,charmed-wildflower-1,finished,2024-11-18T13:44:24Z,257,,https://wandb.ai/tahmidulkashfi15-international-islamic-university-chittagong/WGAN-FACE/runs/mlkjqi31,64,0,0.9,3,5,64,64,64,10,0.0001,100,5000,,2,-106.40910339355467,0,images/separated,['Fake'],1,['media/images/Fake Images_0_0d9caa373c23c0772d8e.png'],png,266,530,images/separated,['Epoch 25'],1,['media/images/Generated Images_25_c9a3d17784fddc47048e.png'],png,332,332,102.57464599609376,images/separated,['Real'],1,['media/images/Real Images_0_7e735e129234f46d08d7.png'],png,266,530,257.556184576,26,1731937717.901321,257
oya5h8fn,silver-bird-2,finished,2024-11-18T13:51:08Z,519,,https://wandb.ai/tahmidulkashfi15-international-islamic-university-chittagong/WGAN-FACE/runs/oya5h8fn,64,0,0.9,3,5,64,64,64,10,0.0001,100,5000,,2,66.69530487060547,0,images/separated,['Fake'],1,['media/images/Fake Images_0_d0aadd5151ad660f3c23.png'],png,266,530,images/separated,['Epoch 99'],1,['media/images/Generated Images_99_588fd1159bfe15126dd7.png'],png,332,332,3.6937685012817383,images/separated,['Real'],1,['media/images/Real Images_0_be0538b62c6017bdd0ae.png'],png,266,530,519.561833374,100,1731938323.4422596,519
gv6xp9kn,dazzling-plasma-3,finished,2024-11-18T13:59:49Z,2,,https://wandb.ai/tahmidulkashfi15-international-islamic-university-chittagong/WGAN-FACE/runs/gv6xp9kn,64,0,0.9,3,5,64,64,64,10,0.0001,100,5000,"{'m': [], 't': {'1': [1, 41, 55, 105], '3': [16, 23, 55], '4': '3.10.12', '5': '0.18.6', '8': [1, 5, 12], '12': '0.18.6', '13': 'linux-x86_64'}, 'cli_version': '0.18.6', 'python_version': '3.10.12'}",,,,,,,,,,,,,,,,,,,,,,,,,,,,,2
2ier8s9a,expert-sun-4,finished,2024-11-18T14:01:39Z,25,,https://wandb.ai/tahmidulkashfi15-international-islamic-university-chittagong/WGAN-FACE/runs/2ier8s9a,64,0,0.9,3,5,64,64,64,10,0.0001,100,5000,,,,,,,,,,,,,,,,,,,,,,,,,,,25.379617022,0,1731938504.0198622,25
hu2kcy0c,upbeat-sun-5,finished,2024-11-18T14:02:06Z,8,,https://wandb.ai/tahmidulkashfi15-international-islamic-university-chittagong/WGAN-FACE/runs/hu2kcy0c,64,0,0.9,3,5,64,64,64,10,0.0001,100,5000,,,,,,,,,,,,,,,,,,,,,,,,,,,8.252720553,0,1731938530.704005,8
mf3f2pgy,legendary-sunset-6,finished,2024-11-18T14:02:38Z,298,,https://wandb.ai/tahmidulkashfi15-international-islamic-university-chittagong/WGAN-FACE/runs/mf3f2pgy,64,0,0.9,3,5,64,64,64,10,0.0001,100,5000,,2,66.69831085205078,0,images/separated,['Fake'],1,['media/images/Fake Images_0_2068b749bba65617c2e1.png'],png,266,530,images/separated,['Epoch 5'],1,['media/images/Generated Images_5_65dde4e4f59508de07ce.png'],png,332,332,3.6920549869537354,images/separated,['Real'],1,['media/images/Real Images_0_be0538b62c6017bdd0ae.png'],png,266,530,298.794906002,6,1731938588.5065892,298
5yxlox0n,elated-gorge-7,crashed,2024-11-18T14:07:39Z,6118,,https://wandb.ai/tahmidulkashfi15-international-islamic-university-chittagong/WGAN-FACE/runs/5yxlox0n,64,0,0.9,3,5,64,64,64,10,0.0001,100,5000,,2,66.72317504882812,0,images/separated,['Fake'],1,['media/images/Fake Images_0_cea18b1a156bc24cebda.png'],png,266,530,images/separated,['Epoch 1318'],1,['media/images/Generated Images_1318_94017a3bc54471d9d93d.png'],png,332,332,3.69368314743042,images/separated,['Real'],1,['media/images/Real Images_0_be0538b62c6017bdd0ae.png'],png,266,530,6118.868733161,1318,1731944975.800732,6118
cqu6as4d,smart-silence-8,crashed,2024-11-19T05:41:16Z,5278,,https://wandb.ai/tahmidulkashfi15-international-islamic-university-chittagong/WGAN-FACE/runs/cqu6as4d,64,0,0.9,3,5,64,64,64,10,0.0001,100,5000,,,,,,,,,,,,images/separated,['Epoch 1132'],1,['media/images/Generated Images_1132_b99b20bf8ebc965fe34e.png'],png,332,332,,,,,,,,,5278.027960627,1132,1732000153.0725987,5278
bwr4he53,earnest-rain-9,finished,2024-11-23T06:33:26Z,219,,https://wandb.ai/tahmidulkashfi15-international-islamic-university-chittagong/WGAN-FACE/runs/bwr4he53,64,0,0.9,3,5,64,64,64,10,0.0001,100,5000,,,,,,,,,,,,images/separated,['Epoch 44'],1,['media/images/Generated Images_44_24097ea27b2218ddbff1.png'],png,332,332,,,,,,,,,223.821676766,45,1732343827.81065,223
eb2v4b5v,gentle-darkness-10,finished,2024-11-23T06:37:16Z,994,,https://wandb.ai/tahmidulkashfi15-international-islamic-university-chittagong/WGAN-FACE/runs/eb2v4b5v,64,0,0.9,3,5,64,64,64,10,0.0001,100,5000,,,,,,,,,,,,images/separated,['Epoch 26'],1,['media/images/Generated Images_26_aa6158708e3340bcfa3a.png'],png,332,332,,,,,,,,,994.212585309,27,1732343995.0934649,994
yvgp5oxo,eager-wildflower-11,finished,2024-11-23T06:53:53Z,2,,https://wandb.ai/tahmidulkashfi15-international-islamic-university-chittagong/WGAN-FACE/runs/yvgp5oxo,,,,,,,,,,,,,,,,,,,,,,,,,,,,,,,,,,,,,,,,,,2
94frfuhc,avid-elevator-12,finished,2024-11-23T06:54:19Z,31,,https://wandb.ai/tahmidulkashfi15-international-islamic-university-chittagong/WGAN-FACE/runs/94frfuhc,,,,,,,,,,,,,,,,,,,,,,,,,,,,,,,,,,,,,,,,,,31
rvaovqm1,prime-lion-13,finished,2024-11-23T06:54:53Z,3,,https://wandb.ai/tahmidulkashfi15-international-islamic-university-chittagong/WGAN-FACE/runs/rvaovqm1,,,,,,,,,,,,,,,,,,,,,,,,,,,,,,,,,,,,,,,,,,3
o4m4f5wp,breezy-wave-14,crashed,2024-11-23T07:31:28Z,1824,,https://wandb.ai/tahmidulkashfi15-international-islamic-university-chittagong/WGAN-FACE/runs/o4m4f5wp,64,0,0.9,3,5,64,64,64,10,0.0001,100,5000,,,,,,,,,,,,images/separated,['Epoch 344'],1,['media/images/Generated Images_344_04a5ee892552a96a32c5.png'],png,332,332,,,,,,,,,1824.359791833,344,1732348907.7301826,1824
