project,run_id,run_name,display_name,state,created_at,updated_at,compute_seconds,tags,job_type,sweep_name,wandb_url,config/_wandb,config/accelerator,config/base_channels,config/batch_size_per_device,config/batch_size_per_gpu,config/cfg_scale,config/effective_batch,config/effective_batch_size,config/ema_decay,config/epochs,config/euler_steps,config/framework,config/gpu,config/img_size,config/learning_rate,config/lr,config/lr_schedule,config/method,config/model,config/num_gpus,config/params,config/per_device_batch,config/precision,config/profile_enabled,config/profile_every_epochs,config/timestep_sampling,metric/_runtime,metric/_step,metric/_timestamp,metric/_wandb/runtime,metric/gpu/memory_allocated_gb,metric/gpu/memory_reserved_gb,metric/loss_curve,metric/samples/Benign,metric/samples/Malignant,metric/samples/Normal,metric/samples/all_classes,metric/tpu/images_per_sec,metric/tpu/num_devices,metric/train/best_loss,metric/train/elapsed_h,metric/train/elapsed_hours,metric/train/epoch,metric/train/epoch_time_s,metric/train/eta_minutes,metric/train/learning_rate,metric/train/loss,metric/util/epoch_time_s,metric/util/images_per_sec,metric/util/profile_epoch,metric/util/rolling_images_per_sec,metric/util/rolling_step_time_ms,metric/util/step_time_ms
ct-rectified-flow,UnVuOnYxOjVhZnZxY3hrOmN0LXJlY3RpZmllZC1mbG93OnRhaG1pZHVsa2FzaGZpMTUtaW50ZXJuYXRpb25hbC1pc2xhbWljLXVuaXZlcnNpdHktY2hpdHRhZ29uZw==,5afvqcxk,rf-JAX-8xTPUv5e,finished,2026-03-01T22:23:51Z,2026-03-01T22:49:43Z,1551,,,,https://wandb.ai/tahmidulkashfi15-international-islamic-university-chittagong/ct-rectified-flow/runs/5afvqcxk,"{'e': {'u30gntxsnglmx8p6qboboewhinxbvvb0': {'os': 'Linux-6.1.42+-x86_64-with-glibc2.41', 'tpu': {'name': 'v5e', 'count': 8, 'hbmGib': 16, 'devicesPerChip': 1}, 'disk': {'/': {'used': '7169067466752', 'total': '8656922775552'}}, 'host': 'ddff5d159392', 'root': '/kaggle/working', 'email': '<redacted>', 'memory': {'total': '405703245824'}, 'python': 'CPython 3.12.12', 'program': 'kaggle.ipynb', 'codePath': 'kaggle.ipynb', 'writerId': 'u30gntxsnglmx8p6qboboewhinxbvvb0', 'cpu_count': 112, 'startedAt': '2026-03-01T22:23:50.161960Z', 'executable': '/usr/local/bin/python', 'cpu_count_logical': 224}}, 'm': [], 't': {'1': [1, 2, 3, 5, 12, 45, 49, 53, 80], '2': [1, 2, 3, 5, 12, 45, 49, 53, 80], '3': [2, 13, 16], '4': '3.12.12', '5': '0.25.0', '8': [1, 2], '12': '0.25.0', '13': 'linux-x86_64'}, 'cli_version': '0.25.0', 'python_version': '3.12.12'}",TPU v5e × 8,128,,,,24,,,3000,,JAX/Flax,,224,,0.00015,cosine_decay,Rectified Flow,,,73459585,3,,,,,1551,404,1772405278.7302885,1551,,,"{""path"": ""media/images/loss_curve_404_b16a750cd5568e495be2.png"", ""size"": 111140, ""_type"": ""image-file"", ""width"": 1500, ""format"": ""png"", ""height"": 750, ""sha256"": ""b16a750cd5568e495be2a03a7d16d4f744aea554469993054687af4e51dfcac2""}","{""path"": ""media/images/samples/Benign_403_63d5cdf2e04a75cbfbce.png"", ""size"": 699448, ""_type"": ""image-file"", ""width"": 1717, ""format"": ""png"", ""height"": 448, ""sha256"": ""63d5cdf2e04a75cbfbce2e21e504eeedc93ace17389936397caf1fbebe99fa2a""}","{""path"": ""media/images/samples/Malignant_403_9b16a02ce9021e469a0e.png"", ""size"": 774833, ""_type"": ""image-file"", ""width"": 1717, ""format"": ""png"", ""height"": 448, ""sha256"": ""9b16a02ce9021e469a0effa85f507d38530ef96cd2c417ac875ea0c8170e49c3""}","{""path"": ""media/images/samples/Normal_403_817e7ab77c99f7bd6012.png"", ""size"": 462509, ""_type"": ""image-file"", ""width"": 1717, ""format"": ""png"", ""height"": 448, ""sha256"": ""817e7ab77c99f7bd6012807275e57e13767a5ba61030b3329a331bdd302fdd4d""}",,,,0.09227316610274776,0.36088010132312776,,3000,2.5028183460235596,,,0.17247746067662392,,,,,,
ct-rectified-flow,UnVuOnYxOjVuNDdkOHVsOmN0LXJlY3RpZmllZC1mbG93OnRhaG1pZHVsa2FzaGZpMTUtaW50ZXJuYXRpb25hbC1pc2xhbWljLXVuaXZlcnNpdHktY2hpdHRhZ29uZw==,5n47d8ul,rf-JAX-8xTPUv5e,finished,2026-03-01T20:14:29Z,2026-03-01T22:23:50Z,7729,,,,https://wandb.ai/tahmidulkashfi15-international-islamic-university-chittagong/ct-rectified-flow/runs/5n47d8ul,"{'e': {'i4jgybto77jp8mg93azk06e935f9zley': {'os': 'Linux-6.1.42+-x86_64-with-glibc2.41', 'tpu': {'name': 'v5e', 'count': 8, 'hbmGib': 16, 'devicesPerChip': 1}, 'disk': {'/': {'used': '7169061208064', 'total': '8656922775552'}}, 'host': 'ddff5d159392', 'root': '/kaggle/working', 'email': '<redacted>', 'memory': {'total': '405703245824'}, 'python': 'CPython 3.12.12', 'program': 'kaggle.ipynb', 'codePath': 'kaggle.ipynb', 'writerId': 'i4jgybto77jp8mg93azk06e935f9zley', 'cpu_count': 112, 'startedAt': '2026-03-01T20:14:28.918147Z', 'executable': '/usr/local/bin/python', 'cpu_count_logical': 224}}, 'm': [], 't': {'1': [1, 2, 3, 5, 12, 45, 49, 53, 80], '2': [1, 2, 3, 5, 12, 45, 49, 53, 80], '3': [2, 13, 16], '4': '3.12.12', '5': '0.25.0', '8': [1, 2], '12': '0.25.0', '13': 'linux-x86_64'}, 'cli_version': '0.25.0', 'python_version': '3.12.12'}",TPU v5e × 8,128,,,,24,,,3000,,JAX/Flax,,224,,0.00015,cosine_decay,Rectified Flow,,,73459585,3,,,,,7729.310480052,1431,1772403798.9847767,7729,,,,"{""path"": ""media/images/samples/Benign_1413_8920366e1569b2e849fb.png"", ""size"": 713916, ""_type"": ""image-file"", ""width"": 1717, ""format"": ""png"", ""height"": 448, ""sha256"": ""8920366e1569b2e849fb9bb0ecaad401f157077b79812d5de4c437d50d84092b""}","{""path"": ""media/images/samples/Malignant_1413_c682076cc3b8a2cf5710.png"", ""size"": 341962, ""_type"": ""image-file"", ""width"": 1717, ""format"": ""png"", ""height"": 448, ""sha256"": ""c682076cc3b8a2cf571045681b7be5efeaaf369751dc46538217768941fa16c9""}","{""path"": ""media/images/samples/Normal_1413_ef9457030afeba911c7a.png"", ""size"": 495174, ""_type"": ""image-file"", ""width"": 1717, ""format"": ""png"", ""height"": 448, ""sha256"": ""ef9457030afeba911c7afa403c449c1bb45b80576ca8d892f705a56f8a7813b5""}",,,,0.09227316610274776,2.1779347260130777,,2618,2.4995675086975098,,,0.09905504411266695,,,,,,
ct-rectified-flow,UnVuOnYxOnJveGdpZGd3OmN0LXJlY3RpZmllZC1mbG93OnRhaG1pZHVsa2FzaGZpMTUtaW50ZXJuYXRpb25hbC1pc2xhbWljLXVuaXZlcnNpdHktY2hpdHRhZ29uZw==,roxgidgw,rf-JAX-8xTPUv5e,crashed,2026-03-01T20:10:15Z,2026-03-01T20:11:21Z,0,,,,https://wandb.ai/tahmidulkashfi15-international-islamic-university-chittagong/ct-rectified-flow/runs/roxgidgw,"{'m': [], 't': {'1': [1, 2, 3, 5, 12, 45, 49, 53, 80], '2': [1, 2, 3, 5, 12, 45, 49, 53, 80], '3': [13, 16], '4': '3.12.12', '5': '0.25.0', '8': [1, 2], '12': '0.25.0', '13': 'linux-x86_64'}, 'cli_version': '0.25.0', 'python_version': '3.12.12'}",TPU v5e × 8,128,,,,24,,,3000,,JAX/Flax,,224,,0.00015,cosine_decay,Rectified Flow,,,73459585,3,,,,,,,,,,,,,,,,,,,,,,,,,,,,,,,
ct-rectified-flow,UnVuOnYxOnE4enlubmt4OmN0LXJlY3RpZmllZC1mbG93OnRhaG1pZHVsa2FzaGZpMTUtaW50ZXJuYXRpb25hbC1pc2xhbWljLXVuaXZlcnNpdHktY2hpdHRhZ29uZw==,q8zynnkx,rf-JAX-8xTPUv5e,finished,2026-03-01T19:58:22Z,2026-03-01T20:10:15Z,712,,,,https://wandb.ai/tahmidulkashfi15-international-islamic-university-chittagong/ct-rectified-flow/runs/q8zynnkx,"{'e': {'4amvwaazb9n7hcajiq0etssyv3yeoeig': {'os': 'Linux-6.1.42+-x86_64-with-glibc2.41', 'tpu': {'name': 'v5e', 'count': 8, 'hbmGib': 16, 'devicesPerChip': 1}, 'disk': {'/': {'used': '7169057058816', 'total': '8656922775552'}}, 'host': 'ddff5d159392', 'root': '/kaggle/working', 'email': '<redacted>', 'memory': {'total': '405703245824'}, 'python': 'CPython 3.12.12', 'program': 'kaggle.ipynb', 'codePath': 'kaggle.ipynb', 'writerId': '4amvwaazb9n7hcajiq0etssyv3yeoeig', 'cpu_count': 112, 'startedAt': '2026-03-01T19:58:19.824457Z', 'executable': '/usr/local/bin/python', 'cpu_count_logical': 224}}, 'm': [], 't': {'1': [1, 2, 3, 5, 12, 45, 49, 53, 80], '2': [1, 2, 3, 5, 12, 45, 49, 53, 80], '3': [2, 13, 16], '4': '3.12.12', '5': '0.25.0', '8': [1, 2], '12': '0.25.0', '13': 'linux-x86_64'}, 'cli_version': '0.25.0', 'python_version': '3.12.12'}",TPU v5e × 8,128,,,,24,,,3000,,JAX/Flax,,224,,0.00015,cosine_decay,Rectified Flow,,,73459585,3,,True,20,,712,144,1772395768.3448212,712,,,,"{""path"": ""media/images/samples/Benign_100_c64d1cd62b1929968876.png"", ""size"": 616986, ""_type"": ""image-file"", ""width"": 1717, ""format"": ""png"", ""height"": 448, ""sha256"": ""c64d1cd62b1929968876c037205427880d5c53dc98256e3afef2e860a3b79ebb""}","{""path"": ""media/images/samples/Malignant_100_b18557d91748b51afae3.png"", ""size"": 323964, ""_type"": ""image-file"", ""width"": 1717, ""format"": ""png"", ""height"": 448, ""sha256"": ""b18557d91748b51afae3c4cb17b1567e49bfe1216125725e0c410f5e8fb5bbe1""}","{""path"": ""media/images/samples/Normal_100_9f2754561023e12baabe.png"", ""size"": 1203590, ""_type"": ""image-file"", ""width"": 1717, ""format"": ""png"", ""height"": 448, ""sha256"": ""9f2754561023e12baabe89e054c9645884c3ace7cb5d319eeb53d106005fc71d""}",,,,0.13910510463099326,0.18735406166977353,,1244,2.5045793056488037,,,0.17654849636939263,2.5045793056488037,297.05587613935387,0,281.8181700876436,109.15845517189273,80.79288082738076
ct-rectified-flow,UnVuOnYxOjFwazVrM2cwOmN0LXJlY3RpZmllZC1mbG93OnRhaG1pZHVsa2FzaGZpMTUtaW50ZXJuYXRpb25hbC1pc2xhbWljLXVuaXZlcnNpdHktY2hpdHRhZ29uZw==,1pk5k3g0,rf-JAX-8xTPUv5e,finished,2026-03-01T18:58:28Z,2026-03-01T19:58:20Z,3585,,,,https://wandb.ai/tahmidulkashfi15-international-islamic-university-chittagong/ct-rectified-flow/runs/1pk5k3g0,"{'e': {'5bwjlbnijhtix9i8fmrhrajo4rixkx1h': {'os': 'Linux-6.1.42+-x86_64-with-glibc2.41', 'tpu': {'name': 'v5e', 'count': 8, 'hbmGib': 16, 'devicesPerChip': 1}, 'disk': {'/': {'used': '7169054273536', 'total': '8656922775552'}}, 'host': 'ddff5d159392', 'root': '/kaggle/working', 'email': '<redacted>', 'memory': {'total': '405703245824'}, 'python': 'CPython 3.12.12', 'program': 'kaggle.ipynb', 'codePath': 'kaggle.ipynb', 'writerId': '5bwjlbnijhtix9i8fmrhrajo4rixkx1h', 'cpu_count': 112, 'startedAt': '2026-03-01T18:58:27.321518Z', 'executable': '/usr/local/bin/python', 'cpu_count_logical': 224}}, 'm': [], 't': {'1': [1, 2, 3, 5, 12, 45, 49, 53, 80], '2': [1, 2, 3, 5, 12, 45, 49, 53, 80], '3': [2, 13, 16], '4': '3.12.12', '5': '0.25.0', '8': [1, 2], '12': '0.25.0', '13': 'linux-x86_64'}, 'cli_version': '0.25.0', 'python_version': '3.12.12'}",TPU v5e × 8,128,,,,24,,,3000,,JAX/Flax,,224,,0.00015,cosine_decay,Rectified Flow,,,73459585,3,,,,,3585,604,1772394993.3270032,3585,,,,"{""path"": ""media/images/samples/Benign_504_4c8a1f53c3bf32c37a61.png"", ""size"": 945256, ""_type"": ""image-file"", ""width"": 1717, ""format"": ""png"", ""height"": 448, ""sha256"": ""4c8a1f53c3bf32c37a61ca2e1f9106e69f4be6ede55fa40f61fcb24c04934e96""}","{""path"": ""media/images/samples/Malignant_504_db49a9a5190d2044bcc2.png"", ""size"": 546673, ""_type"": ""image-file"", ""width"": 1717, ""format"": ""png"", ""height"": 448, ""sha256"": ""db49a9a5190d2044bcc2e71e43c3b9dc5b0d99482d5b9b78ef137fa6bddfd7e2""}","{""path"": ""media/images/samples/Normal_504_4468cb868a6450b2d038.png"", ""size"": 1193145, ""_type"": ""image-file"", ""width"": 1717, ""format"": ""png"", ""height"": 448, ""sha256"": ""4468cb868a6450b2d0381ecca71ac29878d16aac31a8b17572e93d566efeb479""}",,,,0.1359609327008647,0.9710954346259436,,1200,2.5036520957946777,,,0.1359609327008647,,,,,,
ct-rectified-flow,UnVuOnYxOnhsOHlxbzZmOmN0LXJlY3RpZmllZC1mbG93OnRhaG1pZHVsa2FzaGZpMTUtaW50ZXJuYXRpb25hbC1pc2xhbWljLXVuaXZlcnNpdHktY2hpdHRhZ29uZw==,xl8yqo6f,rf-JAX-8xTPUv5e,crashed,2026-03-01T12:45:58Z,2026-03-01T13:59:13Z,4304,,,,https://wandb.ai/tahmidulkashfi15-international-islamic-university-chittagong/ct-rectified-flow/runs/xl8yqo6f,"{'e': {'i0dfg3il43phof2mu78ubty5uexjr04n': {'os': 'Linux-6.1.42+-x86_64-with-glibc2.41', 'tpu': {'name': 'v5e', 'count': 8, 'hbmGib': 16, 'devicesPerChip': 1}, 'args': ['-f', '/tmp/tmpkx4aji0i.json', '--HistoryManager.hist_file=:memory:'], 'disk': {'/': {'used': '7169019068416', 'total': '8656922775552'}}, 'host': 'f78f7e2dc0d4', 'root': '/kaggle/working', 'email': '<redacted>', 'memory': {'total': '405703245824'}, 'python': 'CPython 3.12.12', 'program': '<python with no main file>', 'writerId': 'i0dfg3il43phof2mu78ubty5uexjr04n', 'cpu_count': 112, 'startedAt': '2026-03-01T12:45:57.389739Z', 'executable': '/usr/local/bin/python', 'cpu_count_logical': 224}}, 'm': [], 't': {'1': [1, 2, 3, 5, 12, 45, 49, 53, 80], '2': [1, 2, 3, 5, 12, 45, 49, 53, 80], '3': [13, 16], '4': '3.12.12', '5': '0.25.0', '8': [2, 13], '12': '0.25.0', '13': 'linux-x86_64'}, 'cli_version': '0.25.0', 'python_version': '3.12.12'}",TPU v5e × 8,128,,,,24,,,3000,,JAX/Flax,,224,,0.00015,cosine_decay,Rectified Flow,,,73459585,3,,,,,4304.831406322,614,1772373463.4929793,4304,,,,"{""path"": ""media/images/samples/Benign_512_259c40a1e677f277661e.png"", ""size"": 1021015, ""_type"": ""image-file"", ""width"": 1717, ""format"": ""png"", ""height"": 448, ""sha256"": ""259c40a1e677f277661e7ca18ebff85120e36c6086d2677a3c3309231e181449""}","{""path"": ""media/images/samples/Malignant_513_c870a32946bde31d4633.png"", ""size"": 1067522, ""_type"": ""image-file"", ""width"": 1717, ""format"": ""png"", ""height"": 448, ""sha256"": ""c870a32946bde31d4633d9f80ca2fcd6c9a54574215460e6d3995b1d98e46808""}","{""path"": ""media/images/samples/Normal_514_194681b0ea2e0bb8997e.png"", ""size"": 1046165, ""_type"": ""image-file"", ""width"": 1717, ""format"": ""png"", ""height"": 448, ""sha256"": ""194681b0ea2e0bb8997e8264734e6feb2fb0899a7d5c42ea8bc4af0bebee5bb5""}",,,,0.16707945831360357,1.2285129170285332,,600,2.655816078186035,,,0.17464559405080737,,,,,,
ct-rectified-flow,UnVuOnYxOmsxYjRhYWR4OmN0LXJlY3RpZmllZC1mbG93OnRhaG1pZHVsa2FzaGZpMTUtaW50ZXJuYXRpb25hbC1pc2xhbWljLXVuaXZlcnNpdHktY2hpdHRhZ29uZw==,k1b4aadx,rf-JAX-8xTPUv5e,crashed,2026-02-27T22:00:45Z,2026-02-28T00:14:16Z,8008,,,,https://wandb.ai/tahmidulkashfi15-international-islamic-university-chittagong/ct-rectified-flow/runs/k1b4aadx,"{'e': {'8ryyh32ndjqtt4kab8jmmkq19yrnru0m': {'os': 'Linux-6.1.42+-x86_64-with-glibc2.41', 'tpu': {'name': 'v5e', 'count': 8, 'hbmGib': 16, 'devicesPerChip': 1}, 'args': ['-f', '/tmp/tmpmmou82t2.json', '--HistoryManager.hist_file=:memory:'], 'disk': {'/': {'used': '7169028009984', 'total': '8656922775552'}}, 'host': 'f2f48c740662', 'root': '/kaggle/working', 'email': '<redacted>', 'memory': {'total': '405703245824'}, 'python': 'CPython 3.12.12', 'program': '<python with no main file>', 'writerId': '8ryyh32ndjqtt4kab8jmmkq19yrnru0m', 'cpu_count': 112, 'startedAt': '2026-02-27T22:00:44.601805Z', 'executable': '/usr/local/bin/python', 'cpu_count_logical': 224}}, 'm': [], 't': {'1': [1, 2, 3, 5, 12, 45, 49, 53, 80], '2': [1, 2, 3, 5, 12, 45, 49, 53, 80], '3': [13, 16], '4': '3.12.12', '5': '0.25.0', '8': [2, 13], '12': '0.25.0', '13': 'linux-x86_64'}, 'cli_version': '0.25.0', 'python_version': '3.12.12'}",TPU v5e × 8,,,,,24,,,3000,,JAX/Flax,,,,0.00015,,Rectified Flow,,,73459585,3,,,,,8008.69394373,615,1772237655.111689,8008,,,,"{""path"": ""media/images/samples/Benign_613_bc8c769d11ad0aeec453.png"", ""size"": 1067129, ""_type"": ""image-file"", ""width"": 1717, ""format"": ""png"", ""height"": 448, ""sha256"": ""bc8c769d11ad0aeec4531bafcb8379f72b97bf0d3e539c1afab3912ed7eef312""}","{""path"": ""media/images/samples/Malignant_614_e545450dfd8685b7c11e.png"", ""size"": 1120648, ""_type"": ""image-file"", ""width"": 1717, ""format"": ""png"", ""height"": 448, ""sha256"": ""e545450dfd8685b7c11e6c1d6dcbd1b12c3d70405a292a2900ad4df0736a0941""}","{""path"": ""media/images/samples/Normal_615_1c901b079876f7576e8e.png"", ""size"": 1121209, ""_type"": ""image-file"", ""width"": 1717, ""format"": ""png"", ""height"": 448, ""sha256"": ""1c901b079876f7576e8eb2e64158f39246ae52a1895ce067d9ce42ba56a43eec""}",,,,0.18523257538195576,2.2319463328520457,,550,2.6583192348480225,,,0.20019505052797257,,,,,,
ct-rectified-flow,UnVuOnYxOjVxaGNidm9iOmN0LXJlY3RpZmllZC1mbG93OnRhaG1pZHVsa2FzaGZpMTUtaW50ZXJuYXRpb25hbC1pc2xhbWljLXVuaXZlcnNpdHktY2hpdHRhZ29uZw==,5qhcbvob,rf-8xTPUv5e-JAX,crashed,2026-02-27T20:52:18Z,2026-02-27T21:57:04Z,3738,,,,https://wandb.ai/tahmidulkashfi15-international-islamic-university-chittagong/ct-rectified-flow/runs/5qhcbvob,"{'e': {'iasuxtm3clfv8sllrrmro9hmbb4upn1e': {'os': 'Linux-6.1.42+-x86_64-with-glibc2.41', 'tpu': {'name': 'v5e', 'count': 8, 'hbmGib': 16, 'devicesPerChip': 1}, 'args': ['-f', '/tmp/tmpk24ehifn.json', '--HistoryManager.hist_file=:memory:'], 'disk': {'/': {'used': '7169028231168', 'total': '8656922775552'}}, 'host': '5e85aa257a0f', 'root': '/kaggle/working', 'email': '<redacted>', 'memory': {'total': '405703245824'}, 'python': 'CPython 3.12.12', 'program': '<python with no main file>', 'writerId': 'iasuxtm3clfv8sllrrmro9hmbb4upn1e', 'cpu_count': 112, 'startedAt': '2026-02-27T20:52:17.678628Z', 'executable': '/usr/local/bin/python', 'cpu_count_logical': 224}}, 'm': [], 't': {'1': [1, 2, 3, 5, 12, 45, 49, 53, 80], '2': [1, 2, 3, 5, 12, 45, 49, 53, 80], '3': [13, 16], '4': '3.12.12', '5': '0.25.0', '8': [2, 13], '12': '0.25.0', '13': 'linux-x86_64'}, 'cli_version': '0.25.0', 'python_version': '3.12.12'}",TPU v5e × 8,,24,,,,192,,3000,,JAX/Flax,,,,0.0012,,Rectified Flow,,,,,bfloat16,,,,3738.438970479,334,1772229277.6748283,3738,,,,,,,"{""path"": ""media/images/samples/all_classes_314_eeb546d9b1388e8e0be5.png"", ""size"": 3848182, ""_type"": ""image-file"", ""width"": 1677, ""format"": ""png"", ""height"": 1330, ""sha256"": ""eeb546d9b1388e8e0be59c1a3df538b55a56ce59d772ca7aa719adb6503be648""}",576,8,0.23285113275051117,1.0696172000964483,,320,0.8209285736083984,,,1.108878254890442,,,,,,
ct-rectified-flow,UnVuOnYxOnlnMXdqM2Z0OmN0LXJlY3RpZmllZC1mbG93OnRhaG1pZHVsa2FzaGZpMTUtaW50ZXJuYXRpb25hbC1pc2xhbWljLXVuaXZlcnNpdHktY2hpdHRhZ29uZw==,yg1wj3ft,rf-8xTPUv5e-JAX,finished,2026-02-27T20:20:33Z,2026-02-27T21:01:04Z,2430,,,,https://wandb.ai/tahmidulkashfi15-international-islamic-university-chittagong/ct-rectified-flow/runs/yg1wj3ft,"{'e': {'gnukazrofgyj9bwxdsta7r58ky90w7oj': {'os': 'Linux-6.1.42+-x86_64-with-glibc2.41', 'tpu': {'name': 'v5e', 'count': 8, 'hbmGib': 16, 'devicesPerChip': 1}, 'disk': {'/': {'used': '7169058693120', 'total': '8656922775552'}}, 'host': 'e052ebb92683', 'root': '/kaggle/working', 'email': '<redacted>', 'memory': {'total': '405703245824'}, 'python': 'CPython 3.12.12', 'program': 'kaggle.ipynb', 'codePath': 'kaggle.ipynb', 'writerId': 'gnukazrofgyj9bwxdsta7r58ky90w7oj', 'cpu_count': 112, 'startedAt': '2026-02-27T20:20:32.347907Z', 'executable': '/usr/local/bin/python', 'cpu_count_logical': 224}}, 'm': [], 't': {'1': [1, 2, 3, 5, 12, 45, 49, 53, 80], '2': [1, 2, 3, 5, 12, 45, 49, 53, 80], '3': [13, 16], '4': '3.12.12', '5': '0.25.0', '8': [1, 2], '12': '0.25.0', '13': 'linux-x86_64'}, 'cli_version': '0.25.0', 'python_version': '3.12.12'}",TPU v5e × 8,,24,,,,192,,3000,,JAX/Flax,,,,0.0012,,Rectified Flow,,,,,bfloat16,,,,2430,166,1772224967.7945335,2430,,,,,,,"{""path"": ""media/images/samples/all_classes_146_2fdc0133a1fdc771db35.png"", ""size"": 4267708, ""_type"": ""image-file"", ""width"": 1677, ""format"": ""png"", ""height"": 1330, ""sha256"": ""2fdc0133a1fdc771db35155a8a1f4b3cd02b0374c65479cc359541ad84dccd93""}",576,8,0.3033200303713481,0.40231299857298536,,160,0.8256146907806396,,,1.1296639839808147,,,,,,
ct-rectified-flow,UnVuOnYxOnc5OTg2cGhhOmN0LXJlY3RpZmllZC1mbG93OnRhaG1pZHVsa2FzaGZpMTUtaW50ZXJuYXRpb25hbC1pc2xhbWljLXVuaXZlcnNpdHktY2hpdHRhZ29uZw==,w9986pha,rf-8xTPUv5e-JAX,finished,2026-02-27T19:42:13Z,2026-02-27T20:17:21Z,2021,,,,https://wandb.ai/tahmidulkashfi15-international-islamic-university-chittagong/ct-rectified-flow/runs/w9986pha,"{'e': {'j2to290djqec8js3iek0qmxd3fhb3pwq': {'os': 'Linux-6.1.42+-x86_64-with-glibc2.41', 'tpu': {'name': 'v5e', 'count': 8, 'hbmGib': 16, 'devicesPerChip': 1}, 'disk': {'/': {'used': '7169048481792', 'total': '8656922775552'}}, 'host': '8ff357f6b389', 'root': '/kaggle/working', 'email': '<redacted>', 'memory': {'total': '405703245824'}, 'python': 'CPython 3.12.12', 'program': 'kaggle.ipynb', 'codePath': 'kaggle.ipynb', 'writerId': 'j2to290djqec8js3iek0qmxd3fhb3pwq', 'cpu_count': 112, 'startedAt': '2026-02-27T19:42:12.339262Z', 'executable': '/usr/local/bin/python', 'cpu_count_logical': 224}}, 'm': [], 't': {'1': [1, 2, 3, 5, 12, 45, 49, 53, 80], '2': [1, 2, 3, 5, 12, 45, 49, 53, 80], '3': [2, 13, 16], '4': '3.12.12', '5': '0.25.0', '8': [1, 2], '12': '0.25.0', '13': 'linux-x86_64'}, 'cli_version': '0.25.0', 'python_version': '3.12.12'}",TPU v5e × 8,,24,,,,192,,3000,,JAX/Flax,,,,0.0012,,Rectified Flow,,,,,bfloat16,,,,2021.490452956,332,1772223355.5172093,2021,,,,,,,"{""path"": ""media/images/samples/all_classes_312_6edc8af3d0bc9905b068.png"", ""size"": 3525271, ""_type"": ""image-file"", ""width"": 1677, ""format"": ""png"", ""height"": 1330, ""sha256"": ""6edc8af3d0bc9905b0681a8a8941a38fbe1cef9efcd2183099d487e7f3545efc""}",576,8,0.1518542958656326,0.595458805428611,,1340,0.8247861862182617,,,1.07295827070872,,,,,,
ct-rectified-flow,UnVuOnYxOnhyMW1ndDBpOmN0LXJlY3RpZmllZC1mbG93OnRhaG1pZHVsa2FzaGZpMTUtaW50ZXJuYXRpb25hbC1pc2xhbWljLXVuaXZlcnNpdHktY2hpdHRhZ29uZw==,xr1mgt0i,rf-2xGPU-ddp,crashed,2026-02-27T09:52:20Z,2026-02-27T16:39:36Z,24405,,,,https://wandb.ai/tahmidulkashfi15-international-islamic-university-chittagong/ct-rectified-flow/runs/xr1mgt0i,"{'e': {'trcmsf52eszblmamztujlrj8fs6oeveq': {'os': 'Linux-6.6.113+-x86_64-with-glibc2.35', 'gpu': 'Tesla T4', 'disk': {'/': {'used': '7165039435776', 'total': '8656922775552'}}, 'host': '8b91e1ebca83', 'root': '/kaggle/working', 'email': '<redacted>', 'memory': {'total': '33662472192'}, 'python': 'CPython 3.12.12', 'program': '/kaggle/working/rectified_flow_ct_augmentation.py', 'codePath': 'rectified_flow_ct_augmentation.py', 'writerId': 'trcmsf52eszblmamztujlrj8fs6oeveq', 'cpu_count': 2, 'gpu_count': 2, 'startedAt': '2026-02-27T09:52:20.185487Z', 'executable': '/usr/bin/python3', 'gpu_nvidia': [{'name': 'Tesla T4', 'uuid': 'GPU-17a45691-07b5-ca0f-853f-f2fa392d9ff8', 'cudaCores': 2560, 'memoryTotal': '16106127360', 'architecture': 'Turing'}, {'name': 'Tesla T4', 'uuid': 'GPU-697bb94e-2381-d40d-192f-9f7d658a1004', 'cudaCores': 2560, 'memoryTotal': '16106127360', 'architecture': 'Turing'}], 'cudaVersion': '13.0', 'codePathLocal': 'rectified_flow_ct_augmentation.py', 'cpu_count_logical': 4}}, 'm': [], 't': {'1': [1, 5, 49, 53, 80, 105], '2': [1, 5, 41, 49, 53, 80, 105], '3': [13, 16], '4': '3.12.12', '5': '0.25.0', '8': [2], '12': '0.25.0', '13': 'linux-x86_64'}, 'cli_version': '0.25.0', 'python_version': '3.12.12'}",,,,12,4,,24,0.9999,3000,50,,Tesla T4,224,0.0003,,,Rectified Flow,ConditionalUNet,2,,,fp16,,,logit_normal,24405.639134141,614,1772210346.6561654,24405,1.5612239837646484,12.896484375,,"{""path"": ""media/images/samples/Benign_590_b3b118d92ed77a00986b.png"", ""size"": 240431, ""_type"": ""image-file"", ""width"": 906, ""format"": ""png"", ""height"": 228, ""sha256"": ""b3b118d92ed77a00986b60f654e8ddb8a9f613f99077e8718fbd1ff81b7d72aa""}","{""path"": ""media/images/samples/Malignant_591_d01357a3b4c50ea5cb1d.png"", ""size"": 222054, ""_type"": ""image-file"", ""width"": 906, ""format"": ""png"", ""height"": 228, ""sha256"": ""d01357a3b4c50ea5cb1dfb137c90d5e415146e618a86618798278a687088364c""}","{""path"": ""media/images/samples/Normal_592_97c96641adcdc3231d76.png"", ""size"": 249624, ""_type"": ""image-file"", ""width"": 906, ""format"": ""png"", ""height"": 228, ""sha256"": ""97c96641adcdc3231d767d138e492c738acfe65b4d225b9f20a8c99be718650c""}",,,,0.1518542958656326,,6.780038725998667,1422,33.51624369621277,1022.4875105341928,0.0002533294969469993,NaN,,,,,,
ct-rectified-flow,UnVuOnYxOjc0cHFrdTQ3OmN0LXJlY3RpZmllZC1mbG93OnRhaG1pZHVsa2FzaGZpMTUtaW50ZXJuYXRpb25hbC1pc2xhbWljLXVuaXZlcnNpdHktY2hpdHRhZ29uZw==,74pqku47,rf-2xGPU-ddp,finished,2026-02-27T00:03:08Z,2026-02-27T09:33:24Z,34215,,,,https://wandb.ai/tahmidulkashfi15-international-islamic-university-chittagong/ct-rectified-flow/runs/74pqku47,"{'e': {'lbdafhv5wfhezn8kkahx0bgh95u2tng3': {'os': 'Linux-6.6.113+-x86_64-with-glibc2.35', 'gpu': 'Tesla T4', 'disk': {'/': {'used': '7165038641152', 'total': '8656922775552'}}, 'host': 'a413c0aa2568', 'root': '/kaggle/working', 'email': '<redacted>', 'memory': {'total': '33662464000'}, 'python': 'CPython 3.12.12', 'program': '/kaggle/working/rectified_flow_ct_augmentation.py', 'codePath': 'rectified_flow_ct_augmentation.py', 'writerId': 'lbdafhv5wfhezn8kkahx0bgh95u2tng3', 'cpu_count': 2, 'gpu_count': 2, 'startedAt': '2026-02-27T00:03:08.019795Z', 'executable': '/usr/bin/python3', 'gpu_nvidia': [{'name': 'Tesla T4', 'uuid': 'GPU-416ddb9d-550f-e209-d3bc-1df809b12836', 'cudaCores': 2560, 'memoryTotal': '16106127360', 'architecture': 'Turing'}, {'name': 'Tesla T4', 'uuid': 'GPU-f2915265-5010-c733-b900-812f056bfc60', 'cudaCores': 2560, 'memoryTotal': '16106127360', 'architecture': 'Turing'}], 'cudaVersion': '13.0', 'codePathLocal': 'rectified_flow_ct_augmentation.py', 'cpu_count_logical': 4}}, 'm': [], 't': {'1': [1, 5, 49, 53, 80, 105], '2': [1, 5, 41, 49, 53, 80, 105], '3': [2, 13, 16], '4': '3.12.12', '5': '0.25.0', '8': [2], '12': '0.25.0', '13': 'linux-x86_64'}, 'cli_version': '0.25.0', 'python_version': '3.12.12'}",,,,12,4,,24,0.9999,3000,50,,Tesla T4,224,0.0003,,,Rectified Flow,ConditionalUNet,2,,,fp16,,,logit_normal,34215,974,1772184804.307033,34215,1.5586938858032229,12.935546875,"{""path"": ""media/images/loss_curve_974_4bc440515fb7fd110c42.png"", ""size"": 124122, ""_type"": ""image-file"", ""width"": 1500, ""format"": ""png"", ""height"": 750, ""sha256"": ""4bc440515fb7fd110c42f2a9e950e954d80ff35d4261703736751d387a2f85cd""}","{""path"": ""media/images/samples/Benign_949_7f09a771536ba4c7c7fa.png"", ""size"": 430607, ""_type"": ""image-file"", ""width"": 906, ""format"": ""png"", ""height"": 228, ""sha256"": ""7f09a771536ba4c7c7fa0ad97b5420374442cd85b00cbc4c2167cdfaf8e92a61""}","{""path"": ""media/images/samples/Malignant_950_337bb06d5f6269be6e82.png"", ""size"": 332490, ""_type"": ""image-file"", ""width"": 906, ""format"": ""png"", ""height"": 228, ""sha256"": ""337bb06d5f6269be6e8287863bcbad932707b760de25eb8776bc81a3469a25ca""}","{""path"": ""media/images/samples/Normal_951_ea74c6d834b8c8074af8.png"", ""size"": 460071, ""_type"": ""image-file"", ""width"": 906, ""format"": ""png"", ""height"": 228, ""sha256"": ""ea74c6d834b8c8074af8f400bdf9ee98f10f150ae5d41c43c86595c672ba7992""}",,,,0.15201250824611634,,9.504206977817748,872,33.23166465759277,1220.8030479245958,0.0002416876220729539,0.2123967541847378,,,,,,
ct-rectified-flow,UnVuOnYxOjJkaXpjNmkyOmN0LXJlY3RpZmllZC1mbG93OnRhaG1pZHVsa2FzaGZpMTUtaW50ZXJuYXRpb25hbC1pc2xhbWljLXVuaXZlcnNpdHktY2hpdHRhZ29uZw==,2dizc6i2,rf-2xGPU-ddp,crashed,2026-02-26T23:34:48Z,2026-02-26T23:37:19Z,0,,,,https://wandb.ai/tahmidulkashfi15-international-islamic-university-chittagong/ct-rectified-flow/runs/2dizc6i2,"{'e': {'h89czx2vapx7z0f9iobahb0k0hb5rcxn': {'os': 'Linux-6.6.113+-x86_64-with-glibc2.35', 'gpu': 'Tesla T4', 'disk': {'/': {'used': '7164942553088', 'total': '8656922775552'}}, 'host': 'e195992579e0', 'root': '/kaggle/working', 'email': '<redacted>', 'memory': {'total': '33662472192'}, 'python': 'CPython 3.12.12', 'program': '/kaggle/working/rectified_flow_ct_augmentation.py', 'codePath': 'rectified_flow_ct_augmentation.py', 'writerId': 'h89czx2vapx7z0f9iobahb0k0hb5rcxn', 'cpu_count': 2, 'gpu_count': 2, 'startedAt': '2026-02-26T23:34:47.348832Z', 'executable': '/usr/bin/python3', 'gpu_nvidia': [{'name': 'Tesla T4', 'uuid': 'GPU-88e492dc-a914-8685-6d92-98d4f2264461', 'cudaCores': 2560, 'memoryTotal': '16106127360', 'architecture': 'Turing'}, {'name': 'Tesla T4', 'uuid': 'GPU-aa5dbb9b-33f2-f87d-8e51-5e5996ae20e1', 'cudaCores': 2560, 'memoryTotal': '16106127360', 'architecture': 'Turing'}], 'cudaVersion': '13.0', 'codePathLocal': 'rectified_flow_ct_augmentation.py', 'cpu_count_logical': 4}}, 'm': [], 't': {'1': [1, 5, 49, 53, 80, 105], '2': [1, 5, 49, 53, 80, 105], '3': [13, 16], '4': '3.12.12', '5': '0.24.0', '8': [2], '12': '0.24.0', '13': 'linux-x86_64'}, 'cli_version': '0.24.0', 'python_version': '3.12.12'}",,,,12,3,,24,0.9999,1000,30,,Tesla T4,224,0.0003,,,Rectified Flow,ConditionalUNet,2,,,fp16,,,logit_normal,,,,,,,,,,,,,,,,,,,,,,,,,,,
ct-rectified-flow,UnVuOnYxOnd2d3pma3h3OmN0LXJlY3RpZmllZC1mbG93OnRhaG1pZHVsa2FzaGZpMTUtaW50ZXJuYXRpb25hbC1pc2xhbWljLXVuaXZlcnNpdHktY2hpdHRhZ29uZw==,wvwzfkxw,rf-2xGPU-ddp,crashed,2026-02-26T23:21:31Z,2026-02-26T23:21:47Z,0,,,,https://wandb.ai/tahmidulkashfi15-international-islamic-university-chittagong/ct-rectified-flow/runs/wvwzfkxw,"{'e': {'9c62plcr36sxuhxs9xux8gmon7zskt0r': {'os': 'Linux-6.6.113+-x86_64-with-glibc2.35', 'gpu': 'Tesla T4', 'disk': {'/': {'used': '7165056417792', 'total': '8656922775552'}}, 'host': 'f8d6e67fde68', 'root': '/kaggle/working', 'email': '<redacted>', 'memory': {'total': '33662472192'}, 'python': 'CPython 3.12.12', 'program': '/kaggle/working/rectified_flow_ct_augmentation.py', 'codePath': 'rectified_flow_ct_augmentation.py', 'writerId': '9c62plcr36sxuhxs9xux8gmon7zskt0r', 'cpu_count': 2, 'gpu_count': 2, 'startedAt': '2026-02-26T23:21:30.479473Z', 'executable': '/usr/bin/python3', 'gpu_nvidia': [{'name': 'Tesla T4', 'uuid': 'GPU-20b6d6c7-b33e-723a-c6c7-fdc4b9b7a97b', 'cudaCores': 2560, 'memoryTotal': '16106127360', 'architecture': 'Turing'}, {'name': 'Tesla T4', 'uuid': 'GPU-6c320d4f-ecbc-f172-fb7f-07ceb43d52ba', 'cudaCores': 2560, 'memoryTotal': '16106127360', 'architecture': 'Turing'}], 'cudaVersion': '13.0', 'codePathLocal': 'rectified_flow_ct_augmentation.py', 'cpu_count_logical': 4}}, 'm': [], 't': {'1': [1, 5, 49, 53, 80, 105], '2': [1, 5, 49, 53, 80, 105], '3': [13, 16], '4': '3.12.12', '5': '0.25.0', '8': [2], '12': '0.25.0', '13': 'linux-x86_64'}, 'cli_version': '0.25.0', 'python_version': '3.12.12'}",,,,12,3,,24,0.9999,1000,30,,Tesla T4,224,0.0003,,,Rectified Flow,ConditionalUNet,2,,,fp16,,,logit_normal,,,,,,,,,,,,,,,,,,,,,,,,,,,
ct-rectified-flow,UnVuOnYxOmJpNWxmdTMyOmN0LXJlY3RpZmllZC1mbG93OnRhaG1pZHVsa2FzaGZpMTUtaW50ZXJuYXRpb25hbC1pc2xhbWljLXVuaXZlcnNpdHktY2hpdHRhZ29uZw==,bi5lfu32,rf-2xGPU-ddp,finished,2026-02-26T17:59:20Z,2026-02-26T22:34:55Z,16533,,,,https://wandb.ai/tahmidulkashfi15-international-islamic-university-chittagong/ct-rectified-flow/runs/bi5lfu32,"{'e': {'wh92kaqb27glmtc4q9wyqa4xx2chiw1h': {'os': 'Linux-6.6.113+-x86_64-with-glibc2.35', 'gpu': 'Tesla T4', 'disk': {'/': {'used': '7165050200064', 'total': '8656922775552'}}, 'host': '78c55966cca3', 'root': '/kaggle/working', 'email': '<redacted>', 'memory': {'total': '33662472192'}, 'python': 'CPython 3.12.12', 'program': '/kaggle/working/rectified_flow_ct_augmentation.py', 'codePath': 'rectified_flow_ct_augmentation.py', 'writerId': 'wh92kaqb27glmtc4q9wyqa4xx2chiw1h', 'cpu_count': 2, 'gpu_count': 2, 'startedAt': '2026-02-26T17:59:19.661872Z', 'executable': '/usr/bin/python3', 'gpu_nvidia': [{'name': 'Tesla T4', 'uuid': 'GPU-c6ca4d78-8d48-5d31-beda-44585d5bab93', 'cudaCores': 2560, 'memoryTotal': '16106127360', 'architecture': 'Turing'}, {'name': 'Tesla T4', 'uuid': 'GPU-34bf127c-61fb-972e-8e27-f476d346653c', 'cudaCores': 2560, 'memoryTotal': '16106127360', 'architecture': 'Turing'}], 'cudaVersion': '13.0', 'codePathLocal': 'rectified_flow_ct_augmentation.py', 'cpu_count_logical': 4}}, 'm': [], 't': {'1': [1, 5, 49, 53, 80, 105], '2': [1, 5, 41, 49, 53, 80, 105], '3': [2, 13, 16], '4': '3.12.12', '5': '0.25.0', '8': [2], '12': '0.25.0', '13': 'linux-x86_64'}, 'cli_version': '0.25.0', 'python_version': '3.12.12'}",,,,12,3,,24,0.9999,1000,30,,Tesla T4,224,0.0003,,,Rectified Flow,ConditionalUNet,2,,,fp16,,,logit_normal,16533,1120,1772145295.316895,16533,0.4109787940979004,11.818359375,"{""path"": ""media/images/loss_curve_1120_0bedc3b4cf8ebb403dc6.png"", ""size"": 118349, ""_type"": ""image-file"", ""width"": 1500, ""format"": ""png"", ""height"": 750, ""sha256"": ""0bedc3b4cf8ebb403dc6ae138c6355fa1cf360b94db2f04a3b51827483078f05""}","{""path"": ""media/images/samples/Benign_1117_381a255928e6ad860860.png"", ""size"": 437752, ""_type"": ""image-file"", ""width"": 906, ""format"": ""png"", ""height"": 228, ""sha256"": ""381a255928e6ad860860a6671af725c25fcff541ea040b4e4f458bae1a2d66f8""}","{""path"": ""media/images/samples/Malignant_1118_4d94a67279b2795aa986.png"", ""size"": 458549, ""_type"": ""image-file"", ""width"": 906, ""format"": ""png"", ""height"": 228, ""sha256"": ""4d94a67279b2795aa986cf81ea57f35d0c25d7f3c86dcd484f0532b0ed6217cd""}","{""path"": ""media/images/samples/Normal_1119_6e633248ca970a8fbff5.png"", ""size"": 461044, ""_type"": ""image-file"", ""width"": 906, ""format"": ""png"", ""height"": 228, ""sha256"": ""6e633248ca970a8fbff543b4272a692f41b89b539f267242847ea10fd4712417""}",,,,0.13388989376835525,,4.5867833311690225,1000,15.451372385025024,0,0,0.17422502837143838,,,,,,
ct-rectified-flow,UnVuOnYxOnNvZG91MW96OmN0LXJlY3RpZmllZC1mbG93OnRhaG1pZHVsa2FzaGZpMTUtaW50ZXJuYXRpb25hbC1pc2xhbWljLXVuaXZlcnNpdHktY2hpdHRhZ29uZw==,sodou1oz,rf-1xGPU,finished,2026-02-26T13:24:21Z,2026-02-26T15:09:49Z,6327,,,,https://wandb.ai/tahmidulkashfi15-international-islamic-university-chittagong/ct-rectified-flow/runs/sodou1oz,"{'e': {'wb6g0rqvkdjdx50qeqprm2ua67u2ojmp': {'os': 'Linux-6.6.113+-x86_64-with-glibc2.35', 'gpu': 'Tesla T4', 'args': ['-f', '/tmp/tmpz987xari.json', '--HistoryManager.hist_file=:memory:'], 'disk': {'/': {'used': '7165034004480', 'total': '8656922775552'}}, 'host': 'cde33ba745e4', 'root': '/kaggle/working', 'email': '<redacted>', 'memory': {'total': '33662472192'}, 'python': 'CPython 3.12.12', 'program': '<python with no main file>', 'writerId': 'wb6g0rqvkdjdx50qeqprm2ua67u2ojmp', 'cpu_count': 2, 'gpu_count': 2, 'startedAt': '2026-02-26T13:24:20.696700Z', 'executable': '/usr/bin/python3', 'gpu_nvidia': [{'name': 'Tesla T4', 'uuid': 'GPU-7682f3ab-f44f-0199-e018-6241bb911cc0', 'cudaCores': 2560, 'memoryTotal': '16106127360', 'architecture': 'Turing'}, {'name': 'Tesla T4', 'uuid': 'GPU-2b5cb703-ab8f-01cf-8af2-0510875d424e', 'cudaCores': 2560, 'memoryTotal': '16106127360', 'architecture': 'Turing'}], 'cudaVersion': '13.0', 'cpu_count_logical': 4}}, 'm': [], 't': {'1': [1, 5, 49, 53, 80, 105], '2': [1, 5, 41, 49, 53, 80, 105], '3': [2, 13, 16], '4': '3.12.12', '5': '0.25.0', '8': [2, 13], '12': '0.25.0', '13': 'linux-x86_64'}, 'cli_version': '0.25.0', 'python_version': '3.12.12'}",,,,12,3,,12,0.9999,3000,30,,Tesla T4,224,0.00015,,,Rectified Flow,ConditionalUNet,1,,,fp16,,,logit_normal,6327,284,1772118589.3536928,6327,0.3065338134765625,11.697265625,"{""path"": ""media/images/loss_curve_284_d7a249f0702f77cb3e58.png"", ""size"": 91755, ""_type"": ""image-file"", ""width"": 1500, ""format"": ""png"", ""height"": 750, ""sha256"": ""d7a249f0702f77cb3e58505073093a42189497abb42a9eee0d3d2cffdfc4f5d9""}","{""path"": ""media/images/samples/Benign_277_48e2a1c4f8dc8b0e6ac0.png"", ""size"": 380688, ""_type"": ""image-file"", ""width"": 906, ""format"": ""png"", ""height"": 228, ""sha256"": ""48e2a1c4f8dc8b0e6ac03f9905fc665947d85de76e3ba4ccdb1c3e27afcbed69""}","{""path"": ""media/images/samples/Malignant_278_7b0d510b1b669574e8c9.png"", ""size"": 499408, ""_type"": ""image-file"", ""width"": 906, ""format"": ""png"", ""height"": 228, ""sha256"": ""7b0d510b1b669574e8c94c496a99b6528d56399d587778b00f3f48fec5b8f982""}","{""path"": ""media/images/samples/Normal_279_a154e6c405ed68879aa5.png"", ""size"": 482424, ""_type"": ""image-file"", ""width"": 906, ""format"": ""png"", ""height"": 228, ""sha256"": ""a154e6c405ed68879aa543cb987347ab7e3c0420ec22de00366a50e64e925e50""}",,,,0.17399847793525883,,1.7579182397656972,254,23.67547345161438,1090.251449103587,0.00014736249125559794,0.21978181746921369,,,,,,
ct-rectified-flow,UnVuOnYxOnF5bTVjODkyOmN0LXJlY3RpZmllZC1mbG93OnRhaG1pZHVsa2FzaGZpMTUtaW50ZXJuYXRpb25hbC1pc2xhbWljLXVuaXZlcnNpdHktY2hpdHRhZ29uZw==,qym5c892,rf-2xGPU-ddp,finished,2026-02-26T13:07:11Z,2026-02-26T13:07:12Z,0,,,,https://wandb.ai/tahmidulkashfi15-international-islamic-university-chittagong/ct-rectified-flow/runs/qym5c892,"{'e': {'719p63u6wyifdoi643jl9wqcvtxtd802': {'os': 'Linux-6.6.113+-x86_64-with-glibc2.35', 'gpu': 'Tesla T4', 'disk': {'/': {'used': '7165073567744', 'total': '8656922775552'}}, 'host': '7838d31c340d', 'root': '/kaggle/working', 'email': '<redacted>', 'memory': {'total': '33662472192'}, 'python': 'CPython 3.12.12', 'program': '/kaggle/working/rectified_flow_ct_augmentation.py', 'codePath': 'rectified_flow_ct_augmentation.py', 'writerId': '719p63u6wyifdoi643jl9wqcvtxtd802', 'cpu_count': 2, 'gpu_count': 2, 'startedAt': '2026-02-26T13:07:11.151176Z', 'executable': '/usr/bin/python3', 'gpu_nvidia': [{'name': 'Tesla T4', 'uuid': 'GPU-837a5c63-e499-5ccb-f69c-edf10b154a18', 'cudaCores': 2560, 'memoryTotal': '16106127360', 'architecture': 'Turing'}, {'name': 'Tesla T4', 'uuid': 'GPU-062468e3-9efb-7ed6-2f9d-3e5194d5d92a', 'cudaCores': 2560, 'memoryTotal': '16106127360', 'architecture': 'Turing'}], 'cudaVersion': '13.0', 'codePathLocal': 'rectified_flow_ct_augmentation.py', 'cpu_count_logical': 4}}, 'm': [], 't': {'1': [1, 5, 49, 53, 80, 105], '2': [1, 5, 49, 53, 80, 105], '3': [13, 16], '4': '3.12.12', '5': '0.25.0', '8': [2], '12': '0.25.0', '13': 'linux-x86_64'}, 'cli_version': '0.25.0', 'python_version': '3.12.12'}",,,,12,3,,24,0.9999,3000,30,,Tesla T4,224,0.0003,,,Rectified Flow,ConditionalUNet,2,,,fp16,,,logit_normal,0,,,0,,,,,,,,,,,,,,,,,,,,,,,
ct-rectified-flow,UnVuOnYxOnJ5YXU0YXYzOmN0LXJlY3RpZmllZC1mbG93OnRhaG1pZHVsa2FzaGZpMTUtaW50ZXJuYXRpb25hbC1pc2xhbWljLXVuaXZlcnNpdHktY2hpdHRhZ29uZw==,ryau4av3,rf-2xGPU-ddp,finished,2026-02-26T13:07:06Z,2026-02-26T13:07:11Z,4,,,,https://wandb.ai/tahmidulkashfi15-international-islamic-university-chittagong/ct-rectified-flow/runs/ryau4av3,"{'e': {'d4dygx0a1u6rpprzxcr0crissv35m8lf': {'os': 'Linux-6.6.113+-x86_64-with-glibc2.35', 'gpu': 'Tesla T4', 'disk': {'/': {'used': '7165073453056', 'total': '8656922775552'}}, 'host': '7838d31c340d', 'root': '/kaggle/working', 'email': '<redacted>', 'memory': {'total': '33662472192'}, 'python': 'CPython 3.12.12', 'program': '/kaggle/working/rectified_flow_ct_augmentation.py', 'codePath': 'rectified_flow_ct_augmentation.py', 'writerId': 'd4dygx0a1u6rpprzxcr0crissv35m8lf', 'cpu_count': 2, 'gpu_count': 2, 'startedAt': '2026-02-26T13:07:05.680499Z', 'executable': '/usr/bin/python3', 'gpu_nvidia': [{'name': 'Tesla T4', 'uuid': 'GPU-837a5c63-e499-5ccb-f69c-edf10b154a18', 'cudaCores': 2560, 'memoryTotal': '16106127360', 'architecture': 'Turing'}, {'name': 'Tesla T4', 'uuid': 'GPU-062468e3-9efb-7ed6-2f9d-3e5194d5d92a', 'cudaCores': 2560, 'memoryTotal': '16106127360', 'architecture': 'Turing'}], 'cudaVersion': '13.0', 'codePathLocal': 'rectified_flow_ct_augmentation.py', 'cpu_count_logical': 4}}, 'm': [], 't': {'1': [1, 5, 49, 53, 80, 105], '2': [1, 5, 49, 53, 80, 105], '3': [13, 16, 24], '4': '3.12.12', '5': '0.25.0', '8': [2], '12': '0.25.0', '13': 'linux-x86_64'}, 'cli_version': '0.25.0', 'python_version': '3.12.12'}",,,,12,3,,24,0.9999,3000,30,,Tesla T4,224,0.0003,,,Rectified Flow,ConditionalUNet,2,,,fp16,,,logit_normal,4,,,4,,,,,,,,,,,,,,,,,,,,,,,
