run_name,display_name,state,created_at,compute_seconds,tags,wandb_url,config/accelerator,config/base_channels,config/batch_size_per_device,config/batch_size_per_gpu,config/cfg_scale,config/effective_batch,config/effective_batch_size,config/ema_decay,config/epochs,config/euler_steps,config/framework,config/gpu,config/img_size,config/learning_rate,config/lr,config/lr_schedule,config/method,config/model,config/num_gpus,config/params,config/per_device_batch,config/precision,config/profile_enabled,config/profile_every_epochs,config/timestep_sampling,metric/_runtime,metric/_step,metric/_timestamp,metric/_wandb/runtime,metric/gpu/memory_allocated_gb,metric/gpu/memory_reserved_gb,metric/tpu/images_per_sec,metric/tpu/num_devices,metric/train/best_loss,metric/train/elapsed_h,metric/train/elapsed_hours,metric/train/epoch,metric/train/epoch_time_s,metric/train/eta_minutes,metric/train/learning_rate,metric/train/loss,metric/util/epoch_time_s,metric/util/images_per_sec,metric/util/profile_epoch,metric/util/rolling_images_per_sec,metric/util/rolling_step_time_ms,metric/util/step_time_ms
ryau4av3,rf-2xGPU-ddp,finished,2026-02-26T13:07:06Z,4,,https://wandb.ai/tahmidulkashfi15-international-islamic-university-chittagong/ct-rectified-flow/runs/ryau4av3,,,,12,3,,24,0.9999,3000,30,,Tesla T4,224,0.0003,,,Rectified Flow,ConditionalUNet,2,,,fp16,,,logit_normal,4,,,4,,,,,,,,,,,,,,,,,,
qym5c892,rf-2xGPU-ddp,finished,2026-02-26T13:07:11Z,0,,https://wandb.ai/tahmidulkashfi15-international-islamic-university-chittagong/ct-rectified-flow/runs/qym5c892,,,,12,3,,24,0.9999,3000,30,,Tesla T4,224,0.0003,,,Rectified Flow,ConditionalUNet,2,,,fp16,,,logit_normal,0,,,0,,,,,,,,,,,,,,,,,,
sodou1oz,rf-1xGPU,finished,2026-02-26T13:24:21Z,6327,,https://wandb.ai/tahmidulkashfi15-international-islamic-university-chittagong/ct-rectified-flow/runs/sodou1oz,,,,12,3,,12,0.9999,3000,30,,Tesla T4,224,0.00015,,,Rectified Flow,ConditionalUNet,1,,,fp16,,,logit_normal,6327,284,1772118589.3536928,6327,0.3065338134765625,11.697265625,,,0.17399847793525883,,1.7579182397656972,254,23.67547345161438,1090.251449103587,0.00014736249125559794,0.21978181746921369,,,,,,
bi5lfu32,rf-2xGPU-ddp,finished,2026-02-26T17:59:20Z,16533,,https://wandb.ai/tahmidulkashfi15-international-islamic-university-chittagong/ct-rectified-flow/runs/bi5lfu32,,,,12,3,,24,0.9999,1000,30,,Tesla T4,224,0.0003,,,Rectified Flow,ConditionalUNet,2,,,fp16,,,logit_normal,16533,1120,1772145295.316895,16533,0.4109787940979004,11.818359375,,,0.13388989376835525,,4.5867833311690225,1000,15.451372385025024,0,0,0.17422502837143838,,,,,,
wvwzfkxw,rf-2xGPU-ddp,crashed,2026-02-26T23:21:31Z,0,,https://wandb.ai/tahmidulkashfi15-international-islamic-university-chittagong/ct-rectified-flow/runs/wvwzfkxw,,,,12,3,,24,0.9999,1000,30,,Tesla T4,224,0.0003,,,Rectified Flow,ConditionalUNet,2,,,fp16,,,logit_normal,,,,,,,,,,,,,,,,,,,,,,
2dizc6i2,rf-2xGPU-ddp,crashed,2026-02-26T23:34:48Z,0,,https://wandb.ai/tahmidulkashfi15-international-islamic-university-chittagong/ct-rectified-flow/runs/2dizc6i2,,,,12,3,,24,0.9999,1000,30,,Tesla T4,224,0.0003,,,Rectified Flow,ConditionalUNet,2,,,fp16,,,logit_normal,,,,,,,,,,,,,,,,,,,,,,
74pqku47,rf-2xGPU-ddp,finished,2026-02-27T00:03:08Z,34215,,https://wandb.ai/tahmidulkashfi15-international-islamic-university-chittagong/ct-rectified-flow/runs/74pqku47,,,,12,4,,24,0.9999,3000,50,,Tesla T4,224,0.0003,,,Rectified Flow,ConditionalUNet,2,,,fp16,,,logit_normal,34215,974,1772184804.307033,34215,1.5586938858032229,12.935546875,,,0.15201250824611634,,9.504206977817748,872,33.23166465759277,1220.8030479245958,0.0002416876220729539,0.2123967541847378,,,,,,
xr1mgt0i,rf-2xGPU-ddp,crashed,2026-02-27T09:52:20Z,24405,,https://wandb.ai/tahmidulkashfi15-international-islamic-university-chittagong/ct-rectified-flow/runs/xr1mgt0i,,,,12,4,,24,0.9999,3000,50,,Tesla T4,224,0.0003,,,Rectified Flow,ConditionalUNet,2,,,fp16,,,logit_normal,24405.639134141,614,1772210346.6561654,24405,1.5612239837646484,12.896484375,,,0.1518542958656326,,6.780038725998667,1422,33.51624369621277,1022.4875105341928,0.0002533294969469993,NaN,,,,,,
w9986pha,rf-8xTPUv5e-JAX,finished,2026-02-27T19:42:13Z,2021,,https://wandb.ai/tahmidulkashfi15-international-islamic-university-chittagong/ct-rectified-flow/runs/w9986pha,TPU v5e × 8,,24,,,,192,,3000,,JAX/Flax,,,,0.0012,,Rectified Flow,,,,,bfloat16,,,,2021.490452956,332,1772223355.5172093,2021,,,576,8,0.1518542958656326,0.595458805428611,,1340,0.8247861862182617,,,1.07295827070872,,,,,,
yg1wj3ft,rf-8xTPUv5e-JAX,finished,2026-02-27T20:20:33Z,2430,,https://wandb.ai/tahmidulkashfi15-international-islamic-university-chittagong/ct-rectified-flow/runs/yg1wj3ft,TPU v5e × 8,,24,,,,192,,3000,,JAX/Flax,,,,0.0012,,Rectified Flow,,,,,bfloat16,,,,2430,166,1772224967.7945335,2430,,,576,8,0.3033200303713481,0.40231299857298536,,160,0.8256146907806396,,,1.1296639839808147,,,,,,
5qhcbvob,rf-8xTPUv5e-JAX,crashed,2026-02-27T20:52:18Z,3738,,https://wandb.ai/tahmidulkashfi15-international-islamic-university-chittagong/ct-rectified-flow/runs/5qhcbvob,TPU v5e × 8,,24,,,,192,,3000,,JAX/Flax,,,,0.0012,,Rectified Flow,,,,,bfloat16,,,,3738.438970479,334,1772229277.6748283,3738,,,576,8,0.23285113275051117,1.0696172000964483,,320,0.8209285736083984,,,1.108878254890442,,,,,,
k1b4aadx,rf-JAX-8xTPUv5e,crashed,2026-02-27T22:00:45Z,8008,,https://wandb.ai/tahmidulkashfi15-international-islamic-university-chittagong/ct-rectified-flow/runs/k1b4aadx,TPU v5e × 8,,,,,24,,,3000,,JAX/Flax,,,,0.00015,,Rectified Flow,,,73459585,3,,,,,8008.69394373,615,1772237655.111689,8008,,,,,0.18523257538195576,2.2319463328520457,,550,2.6583192348480225,,,0.20019505052797257,,,,,,
xl8yqo6f,rf-JAX-8xTPUv5e,crashed,2026-03-01T12:45:58Z,4304,,https://wandb.ai/tahmidulkashfi15-international-islamic-university-chittagong/ct-rectified-flow/runs/xl8yqo6f,TPU v5e × 8,128,,,,24,,,3000,,JAX/Flax,,224,,0.00015,cosine_decay,Rectified Flow,,,73459585,3,,,,,4304.831406322,614,1772373463.4929793,4304,,,,,0.16707945831360357,1.2285129170285332,,600,2.655816078186035,,,0.17464559405080737,,,,,,
1pk5k3g0,rf-JAX-8xTPUv5e,finished,2026-03-01T18:58:28Z,3585,,https://wandb.ai/tahmidulkashfi15-international-islamic-university-chittagong/ct-rectified-flow/runs/1pk5k3g0,TPU v5e × 8,128,,,,24,,,3000,,JAX/Flax,,224,,0.00015,cosine_decay,Rectified Flow,,,73459585,3,,,,,3585,604,1772394993.3270032,3585,,,,,0.1359609327008647,0.9710954346259436,,1200,2.5036520957946777,,,0.1359609327008647,,,,,,
q8zynnkx,rf-JAX-8xTPUv5e,finished,2026-03-01T19:58:22Z,712,,https://wandb.ai/tahmidulkashfi15-international-islamic-university-chittagong/ct-rectified-flow/runs/q8zynnkx,TPU v5e × 8,128,,,,24,,,3000,,JAX/Flax,,224,,0.00015,cosine_decay,Rectified Flow,,,73459585,3,,True,20,,712,144,1772395768.3448212,712,,,,,0.13910510463099326,0.18735406166977353,,1244,2.5045793056488037,,,0.17654849636939263,2.5045793056488037,297.05587613935387,0,281.8181700876436,109.15845517189273,80.79288082738076
roxgidgw,rf-JAX-8xTPUv5e,crashed,2026-03-01T20:10:15Z,0,,https://wandb.ai/tahmidulkashfi15-international-islamic-university-chittagong/ct-rectified-flow/runs/roxgidgw,TPU v5e × 8,128,,,,24,,,3000,,JAX/Flax,,224,,0.00015,cosine_decay,Rectified Flow,,,73459585,3,,,,,,,,,,,,,,,,,,,,,,,,,,
5n47d8ul,rf-JAX-8xTPUv5e,finished,2026-03-01T20:14:29Z,7729,,https://wandb.ai/tahmidulkashfi15-international-islamic-university-chittagong/ct-rectified-flow/runs/5n47d8ul,TPU v5e × 8,128,,,,24,,,3000,,JAX/Flax,,224,,0.00015,cosine_decay,Rectified Flow,,,73459585,3,,,,,7729.310480052,1431,1772403798.9847767,7729,,,,,0.09227316610274776,2.1779347260130777,,2618,2.4995675086975098,,,0.09905504411266695,,,,,,
5afvqcxk,rf-JAX-8xTPUv5e,finished,2026-03-01T22:23:51Z,1551,,https://wandb.ai/tahmidulkashfi15-international-islamic-university-chittagong/ct-rectified-flow/runs/5afvqcxk,TPU v5e × 8,128,,,,24,,,3000,,JAX/Flax,,224,,0.00015,cosine_decay,Rectified Flow,,,73459585,3,,,,,1551,404,1772405278.7302885,1551,,,,,0.09227316610274776,0.36088010132312776,,3000,2.5028183460235596,,,0.17247746067662392,,,,,,
