run_name,display_name,state,created_at,compute_seconds,tags,wandb_url,config/BATCH_SIZE,config/BETA_1,config/BETA_2,config/CHANNELS_IMG,config/CRITIC_ITERATIONS,config/FEATURES_CRITIC,config/FEATURES_DISC,config/FEATURES_GEN,config/IMAGE_SIZE,config/LAMBDA_GP,config/LEARNING_RATE,config/NOISE_DIM,config/NUM_EPOCHS,metric/Batch,metric/Discriminator Loss,metric/Epoch,metric/Fake Images/_type,metric/Fake Images/captions,metric/Fake Images/count,metric/Fake Images/filenames,metric/Fake Images/format,metric/Fake Images/height,metric/Fake Images/width,metric/Generated Images/_type,metric/Generated Images/captions,metric/Generated Images/count,metric/Generated Images/filenames,metric/Generated Images/format,metric/Generated Images/height,metric/Generated Images/width,metric/Generator Loss,metric/Real Images/_type,metric/Real Images/captions,metric/Real Images/count,metric/Real Images/filenames,metric/Real Images/format,metric/Real Images/height,metric/Real Images/width,metric/_runtime,metric/_step,metric/_timestamp,metric/_wandb/runtime
emgnwl4m,faithful-night-1,finished,2024-11-13T15:58:57Z,5,,https://wandb.ai/tahmidulkashfi15-international-islamic-university-chittagong/gan-bengali-digit-generation/runs/emgnwl4m,128,0.5,0.999,1,,,64,64,64,,0.0002,100,5,,,,,,,,,,,,,,,,,,,,,,,,,,,,,5
mndykl30,flowing-sponge-2,finished,2024-11-13T16:02:25Z,103,,https://wandb.ai/tahmidulkashfi15-international-islamic-university-chittagong/gan-bengali-digit-generation/runs/mndykl30,128,0.5,0.999,1,,,64,64,24,,0.0002,100,5,,,,,,,,,,,,,,,,,,,,,,,,,,,,,103
md6tiupd,cool-plasma-3,finished,2024-11-13T16:04:11Z,3,,https://wandb.ai/tahmidulkashfi15-international-islamic-university-chittagong/gan-bengali-digit-generation/runs/md6tiupd,128,0.5,0.999,1,,,64,64,28,,0.0002,100,5,,,,,,,,,,,,,,,,,,,,,,,,,,,,,3
s2l4e347,logical-thunder-4,finished,2024-11-13T16:05:18Z,38,,https://wandb.ai/tahmidulkashfi15-international-islamic-university-chittagong/gan-bengali-digit-generation/runs/s2l4e347,128,0.5,0.999,1,,,64,64,28,,0.0002,100,5,,,,,,,,,,,,,,,,,,,,,,,,,,,,,38
99vcz1oq,chocolate-water-5,finished,2024-11-13T16:05:58Z,0,,https://wandb.ai/tahmidulkashfi15-international-islamic-university-chittagong/gan-bengali-digit-generation/runs/99vcz1oq,128,0.5,0.999,1,,,64,64,28,,0.0002,100,5,,,,,,,,,,,,,,,,,,,,,,,,,,,,,
hhe0yude,glad-plasma-6,finished,2024-11-13T16:06:57Z,683,,https://wandb.ai/tahmidulkashfi15-international-islamic-university-chittagong/gan-bengali-digit-generation/runs/hhe0yude,128,0.5,0.999,1,,,64,64,64,,0.0002,100,5,,,,,,,,,,,,,,,,,,,,,,,,,,,,,683
pm3nv3wh,logical-pine-7,finished,2024-11-13T16:18:22Z,2,,https://wandb.ai/tahmidulkashfi15-international-islamic-university-chittagong/gan-bengali-digit-generation/runs/pm3nv3wh,128,0.5,0.999,1,,,64,64,64,,0.0002,100,5,,,,,,,,,,,,,,,,,,,,,,,,,,,,,2
d1h7jdth,unique-morning-8,finished,2024-11-13T16:19:30Z,214,,https://wandb.ai/tahmidulkashfi15-international-islamic-university-chittagong/gan-bengali-digit-generation/runs/d1h7jdth,128,0.5,0.999,1,,,64,64,64,,0.0002,100,5,,,,,,,,,,,,,,,,,,,,,,,,,,,,,214
sf1lwiws,worldly-star-9,finished,2024-11-13T16:23:06Z,2,,https://wandb.ai/tahmidulkashfi15-international-islamic-university-chittagong/gan-bengali-digit-generation/runs/sf1lwiws,128,0.5,0.999,1,,,64,64,64,,0.0002,100,5,,,,,,,,,,,,,,,,,,,,,,,,,,,,,2
7882aqzj,flowing-armadillo-10,finished,2024-11-13T16:24:11Z,176,,https://wandb.ai/tahmidulkashfi15-international-islamic-university-chittagong/gan-bengali-digit-generation/runs/7882aqzj,128,0.5,0.999,1,,,64,64,64,,0.0002,100,5,,,,,,,,,,,,,,,,,,,,,,,,,,,,,176
tzyozk46,fluent-sun-11,finished,2024-11-13T16:27:09Z,256,,https://wandb.ai/tahmidulkashfi15-international-islamic-university-chittagong/gan-bengali-digit-generation/runs/tzyozk46,128,0.5,0.999,1,,,64,64,64,,0.0002,100,5,,0.0005395207554101944,,,,,,,,,images/separated,['Epoch 4'],1,['media/images/Generated Images_14_a4494b45ec40cab237ad.png'],png,407,407,7.297528743743896,,,,,,,,256.447024577,14,1731515485.5628583,256
5xwmwipp,denim-dragon-12,finished,2024-11-13T16:35:22Z,472,,https://wandb.ai/tahmidulkashfi15-international-islamic-university-chittagong/gan-bengali-digit-generation/runs/5xwmwipp,128,0.5,0.999,1,,,64,64,64,,0.0002,100,50,,8.411339513259009e-05,,,,,,,,,images/separated,['Epoch 11'],1,['media/images/Generated Images_35_6a932926658e7ef8ccd1.png'],png,407,407,9.159473419189451,,,,,,,,472.934052909,37,1731516193.507909,472
vihi9fgq,scarlet-fire-13,finished,2024-11-13T16:45:38Z,1672,,https://wandb.ai/tahmidulkashfi15-international-islamic-university-chittagong/gan-bengali-digit-generation/runs/vihi9fgq,128,0.5,0.999,1,,,64,64,64,,0.0002,100,50,,0.1219523698091507,,,,,,,,,images/separated,['Epoch 49'],1,['media/images/Generated Images_149_2d21e5de2ff442c92e47.png'],png,337,337,2.6218090057373047,,,,,,,,1671.911425686,149,1731518010.451411,1672
jgfwc7w2,stellar-cosmos-14,finished,2024-11-13T17:23:24Z,3424,,https://wandb.ai/tahmidulkashfi15-international-islamic-university-chittagong/gan-bengali-digit-generation/runs/jgfwc7w2,128,0.5,0.999,1,,,64,64,64,,0.0002,100,100,100,0.07199695706367493,99,images/separated,['Fake'],1,['media/images/Fake Images_198_a8cb521a45dc48ecad00.png'],png,270,538,images/separated,['Epoch 99'],1,['media/images/Generated Images_199_b6e3b29b63e53cbe6782.png'],png,337,337,3.989324808120727,images/separated,['Real'],1,['media/images/Real Images_198_be58a3be90a526621e61.png'],png,266,530,3424.113563434,199,1731522028.1267955,3424
pp7jfj2t,chocolate-dream-15,finished,2024-11-18T13:13:43Z,2,,https://wandb.ai/tahmidulkashfi15-international-islamic-university-chittagong/gan-bengali-digit-generation/runs/pp7jfj2t,64,0,0.9,3,5,16,,16,64,10,0.0001,100,5000,,,,,,,,,,,,,,,,,,,,,,,,,,,,,2
x6ugupua,visionary-dragon-16,finished,2024-11-18T13:14:20Z,0,,https://wandb.ai/tahmidulkashfi15-international-islamic-university-chittagong/gan-bengali-digit-generation/runs/x6ugupua,64,0,0.9,3,5,16,,16,64,10,0.0001,100,5000,,,,,,,,,,,,,,,,,,,,,,,,,,,,,137
5edvjj5i,jumping-shape-17,finished,2024-11-18T13:16:40Z,0,,https://wandb.ai/tahmidulkashfi15-international-islamic-university-chittagong/gan-bengali-digit-generation/runs/5edvjj5i,64,0,0.9,3,5,64,,64,64,10,0.0001,100,5000,,,,,,,,,,,,,,,,,,,,,,,,,,,,,
izg35qha,skilled-durian-18,finished,2024-11-18T13:20:09Z,127,,https://wandb.ai/tahmidulkashfi15-international-islamic-university-chittagong/gan-bengali-digit-generation/runs/izg35qha,64,0,0.9,3,5,64,,64,64,10,0.0001,100,5000,,,,,,,,,,,,,,,,,,,,,,,,,,,,,127
b8919uui,misty-oath-19,finished,2024-11-18T13:22:18Z,10,,https://wandb.ai/tahmidulkashfi15-international-islamic-university-chittagong/gan-bengali-digit-generation/runs/b8919uui,64,0,0.9,3,5,64,,64,64,10,0.0001,100,5000,,,,,,,,,,,,,,,,,,,,,,,,,,10.138269545,0,1731936143.9617455,10
mjmzd4b5,hearty-butterfly-20,finished,2024-11-18T13:25:48Z,92,,https://wandb.ai/tahmidulkashfi15-international-islamic-university-chittagong/gan-bengali-digit-generation/runs/mjmzd4b5,64,0,0.9,3,5,64,,64,64,10,0.0001,100,5000,,,,,,,,,,,,,,,,,,,,,,,,,,92.458444296,0,1731936352.713951,92
5lff1nbe,fancy-thunder-21,finished,2024-11-18T13:27:22Z,5,,https://wandb.ai/tahmidulkashfi15-international-islamic-university-chittagong/gan-bengali-digit-generation/runs/5lff1nbe,64,0,0.9,3,5,64,,64,64,10,0.0001,100,5000,,,,,,,,,,,,,,,,,,,,,,,,,,5.923237801,0,1731936447.4100156,5
uxrr3nzw,lyric-sponge-22,finished,2024-11-18T13:28:36Z,20,,https://wandb.ai/tahmidulkashfi15-international-islamic-university-chittagong/gan-bengali-digit-generation/runs/uxrr3nzw,64,0,0.9,3,5,64,,64,64,10,0.0001,100,5000,,,,,,,,,,,,,,,,,,,,,,,,,,20.97735288,0,1731936522.5865777,20
by61wycq,absurd-lion-23,finished,2024-11-18T13:28:59Z,5,,https://wandb.ai/tahmidulkashfi15-international-islamic-university-chittagong/gan-bengali-digit-generation/runs/by61wycq,64,0,0.9,3,5,64,,64,64,10,0.0001,100,5000,,,,,,,,,,,,,,,,,,,,,,,,,,5.557686184,0,1731936542.8209078,5
ek3grt0g,exalted-capybara-24,finished,2024-11-18T13:31:05Z,95,,https://wandb.ai/tahmidulkashfi15-international-islamic-university-chittagong/gan-bengali-digit-generation/runs/ek3grt0g,64,0,0.9,3,5,64,,64,64,10,0.0001,100,5000,,,,,,,,,,,,,,,,,,,,,,,,,,,,,95
ugoy1qfg,efficient-flower-25,finished,2024-11-18T13:32:42Z,7,,https://wandb.ai/tahmidulkashfi15-international-islamic-university-chittagong/gan-bengali-digit-generation/runs/ugoy1qfg,64,0,0.9,3,5,64,,64,64,10,0.0001,100,5000,,,,,,,,,,,,,,,,,,,,,,,,,,7.089785722,0,1731936767.8201144,7
3nl8ofo3,dauntless-cosmos-26,finished,2024-11-18T13:34:24Z,112,,https://wandb.ai/tahmidulkashfi15-international-islamic-university-chittagong/gan-bengali-digit-generation/runs/3nl8ofo3,64,0,0.9,3,5,64,,64,64,10,0.0001,100,5000,,,,,,,,,,,,,,,,,,,,,,,,,,112.459613398,0,1731936871.1358187,112
zw8gbjbz,stilted-resonance-27,finished,2024-11-18T13:36:18Z,24,,https://wandb.ai/tahmidulkashfi15-international-islamic-university-chittagong/gan-bengali-digit-generation/runs/zw8gbjbz,64,0,0.9,3,5,64,,64,64,10,0.0001,100,5000,2,-7.21042537689209,0,images/separated,['Fake'],1,['media/images/Fake Images_0_0c8babd52401a70aced6.png'],png,266,530,images/separated,['Epoch 1'],1,['media/images/Generated Images_1_ce6f6e2bb76b79bc9580.png'],png,332,332,16.03791046142578,images/separated,['Real'],1,['media/images/Real Images_0_df7387c136179bd263b9.png'],png,266,530,24.299037036,2,1731937001.2366798,24
3u5u5a82,zesty-night-28,finished,2024-11-18T13:40:19Z,242,,https://wandb.ai/tahmidulkashfi15-international-islamic-university-chittagong/gan-bengali-digit-generation/runs/3u5u5a82,64,0,0.9,3,5,64,,64,64,10,0.0001,100,5000,2,-44.14544677734375,0,images/separated,['Fake'],1,['media/images/Fake Images_0_ae11e1ba2fb7091a432e.png'],png,266,530,images/separated,['Epoch 16'],1,['media/images/Generated Images_16_0ff74a181e9483750306.png'],png,332,332,39.319091796875,images/separated,['Real'],1,['media/images/Real Images_0_dc1d1fed5586ed18ff5f.png'],png,266,530,242.743845193,17,1731937375.144268,242
