project,run_id,run_name,display_name,state,created_at,updated_at,compute_seconds,tags,job_type,sweep_name,wandb_url,config/_wandb,config/aug_factor_benign,config/aug_factor_malignant,config/aug_factor_normal,config/batch_size,config/class_names,config/data_dir,config/device,config/dropout,config/epochs,config/image_size,config/learning_rate,config/lr_decay_factor,config/lr_patience,config/seed,config/test_ratio,config/test_size,config/train_ratio,config/val_ratio,config/variants,metric/_runtime,metric/_step,metric/_timestamp,metric/_wandb/runtime,metric/best_val_acc,metric/confusion/EffNet-B0,metric/confusion/EffNet-B1,metric/confusion/EffNet-B2,metric/confusion/EffNet-B3,metric/confusion/EffNet-B4,metric/dataset/split_method,metric/dataset/test_samples,metric/dataset/train_samples,metric/dataset/val_samples,metric/epoch,metric/learning_rate,metric/test/EffNet-B0_acc,metric/test/EffNet-B0_auc,metric/test/EffNet-B1_acc,metric/test/EffNet-B1_auc,metric/test/EffNet-B2_acc,metric/test/EffNet-B2_auc,metric/test/EffNet-B3_acc,metric/test/EffNet-B3_auc,metric/test/EffNet-B4_acc,metric/test/EffNet-B4_auc,metric/train/acc,metric/train/loss,metric/val/acc,metric/val/f1,metric/val/loss,metric/xai/gradcam
lung_effnet_reproduction,UnVuOnYxOmRtYnd0dnB6Omx1bmdfZWZmbmV0X3JlcHJvZHVjdGlvbjp0YWhtaWR1bGthc2hmaTE1LWludGVybmF0aW9uYWwtaXNsYW1pYy11bml2ZXJzaXR5LWNoaXR0YWdvbmc=,dmbwtvpz,effnet_sorted_seed2024,finished,2026-06-25T17:42:55Z,2026-06-25T18:31:34Z,2917,"seed:2024,split:sorted,v2",,,https://wandb.ai/tahmidulkashfi15-international-islamic-university-chittagong/lung_effnet_reproduction/runs/dmbwtvpz,"{'m': [], 't': {'1': [1, 5, 41, 53], '2': [1, 5, 41, 53], '3': [2, 13, 15, 16], '4': '3.12.13', '5': '0.28.0', '8': [2, 13], '12': '0.28.0', '13': 'linux-x86_64'}, 'cli_version': '0.28.0', 'python_version': '3.12.13'}",13,2,3,32,"['Benign', 'Malignant', 'Normal']",/kaggle/input/datasets/hamdallak/the-iqothnccd-lung-cancer-dataset/The IQ-OTHNCCD lung cancer dataset,cuda,0.5,30,240,0.001,0.3,5,42,0.1,,0.7,0.2,"['b0', 'b1', 'b2', 'b3', 'b4']",2917,93,1782412293.054108,2917,92.3076923076923,"{""path"": ""media/images/confusion/EffNet-B0_17_4b538fe72cdc79e5be50.png"", ""size"": 25813, ""_type"": ""image-file"", ""width"": 700, ""format"": ""png"", ""height"": 600, ""sha256"": ""4b538fe72cdc79e5be50c1d481b69c9ba09d0296fb0f7b894d0ca2b5ffa03852""}","{""path"": ""media/images/confusion/EffNet-B1_39_ae441e67e01115706d59.png"", ""size"": 25421, ""_type"": ""image-file"", ""width"": 700, ""format"": ""png"", ""height"": 600, ""sha256"": ""ae441e67e01115706d59d5fd9f6a66ee31960fd082dd48ecbdd6cbdaffcb0c35""}","{""path"": ""media/images/confusion/EffNet-B2_60_6f9d3ac4eb7f133cdde8.png"", ""size"": 25387, ""_type"": ""image-file"", ""width"": 700, ""format"": ""png"", ""height"": 600, ""sha256"": ""6f9d3ac4eb7f133cdde87a061ce9e275f4bae15b47653ca725e0e290b346da20""}","{""path"": ""media/images/confusion/EffNet-B3_71_b6df87fcae8a316f702f.png"", ""size"": 25574, ""_type"": ""image-file"", ""width"": 700, ""format"": ""png"", ""height"": 600, ""sha256"": ""b6df87fcae8a316f702f9e1cc26ec778e32235434321a2eaa69c8abf1ffa5fec""}","{""path"": ""media/images/confusion/EffNet-B4_91_b6f1e057919e542bed6d.png"", ""size"": 25171, ""_type"": ""image-file"", ""width"": 700, ""format"": ""png"", ""height"": 600, ""sha256"": ""b6f1e057919e542bed6d2ca2c9933f5a4084d5123a43c95ea374c913f22373ac""}","sorted ratio=(0.8, 0.2)",221,3140,221,18,0.0003,89.14027149321268,93.78231034160302,92.3076923076923,96.29141237435356,93.21266968325791,96.8339724826164,90.49773755656108,92.90414172264184,92.3076923076923,95.14940537208872,99.8405612244898,0.006244059396020911,87.78280542986425,78.55014895729889,0.6472629435694006,"{""path"": ""media/images/xai/gradcam_93_bd1e40375d09da9bd61f.png"", ""size"": 1006678, ""_type"": ""image-file"", ""width"": 1400, ""format"": ""png"", ""height"": 1200, ""sha256"": ""bd1e40375d09da9bd61fadf46d827e07efa817ab0323fef9161acd4ca59c64c5""}"
lung_effnet_reproduction,UnVuOnYxOjR5YmQ3dzdpOmx1bmdfZWZmbmV0X3JlcHJvZHVjdGlvbjp0YWhtaWR1bGthc2hmaTE1LWludGVybmF0aW9uYWwtaXNsYW1pYy11bml2ZXJzaXR5LWNoaXR0YWdvbmc=,4ybd7w7i,effnet_sorted_seed123,finished,2026-06-25T16:54:36Z,2026-06-25T17:42:55Z,2898,"seed:123,split:sorted,v2",,,https://wandb.ai/tahmidulkashfi15-international-islamic-university-chittagong/lung_effnet_reproduction/runs/4ybd7w7i,"{'m': [], 't': {'1': [1, 5, 41, 53], '2': [1, 5, 41, 53], '3': [2, 13, 15, 16], '4': '3.12.13', '5': '0.28.0', '8': [2, 13], '12': '0.28.0', '13': 'linux-x86_64'}, 'cli_version': '0.28.0', 'python_version': '3.12.13'}",13,2,3,32,"['Benign', 'Malignant', 'Normal']",/kaggle/input/datasets/hamdallak/the-iqothnccd-lung-cancer-dataset/The IQ-OTHNCCD lung cancer dataset,cuda,0.5,30,240,0.001,0.3,5,42,0.1,,0.7,0.2,"['b0', 'b1', 'b2', 'b3', 'b4']",2898,90,1782409374.16752,2898,92.3076923076923,"{""path"": ""media/images/confusion/EffNet-B0_24_0e44c011043f15dbae16.png"", ""size"": 25633, ""_type"": ""image-file"", ""width"": 700, ""format"": ""png"", ""height"": 600, ""sha256"": ""0e44c011043f15dbae1686e4943206c11e671b8dd7b7b8fc05d6d760745ebb6c""}","{""path"": ""media/images/confusion/EffNet-B1_34_2c51974afeb08c69ea15.png"", ""size"": 25438, ""_type"": ""image-file"", ""width"": 700, ""format"": ""png"", ""height"": 600, ""sha256"": ""2c51974afeb08c69ea155ad6ae1d6034985f62d1c6f40c0470e1dbffcf85e710""}","{""path"": ""media/images/confusion/EffNet-B2_46_87fe7db2afb2fbf04732.png"", ""size"": 25025, ""_type"": ""image-file"", ""width"": 700, ""format"": ""png"", ""height"": 600, ""sha256"": ""87fe7db2afb2fbf0473285b005ed751b2ba75bbd3f376edacd91aaa638e9a0b3""}","{""path"": ""media/images/confusion/EffNet-B3_68_27f32098b5669d524e00.png"", ""size"": 25393, ""_type"": ""image-file"", ""width"": 700, ""format"": ""png"", ""height"": 600, ""sha256"": ""27f32098b5669d524e00060960a8b1f6467be5d05422be0e17dc56f9e2bdd3b6""}","{""path"": ""media/images/confusion/EffNet-B4_88_b9f122f8c87a16d46c15.png"", ""size"": 25556, ""_type"": ""image-file"", ""width"": 700, ""format"": ""png"", ""height"": 600, ""sha256"": ""b9f122f8c87a16d46c1532b9576f67b0dbad04adf224bf5c78698b40224ea925""}","sorted ratio=(0.8, 0.2)",221,3140,221,18,0.0003,90.9502262443439,96.85869228321708,90.9502262443439,96.239208566453,90.04524886877829,95.09030575066738,93.21266968325791,96.52221628211846,92.3076923076923,96.4190915228838,100,0.0006065358343772338,88.23529411764706,80.39379974863846,2.200209557200988,"{""path"": ""media/images/xai/gradcam_90_c4c82943a4cafa7441ae.png"", ""size"": 930945, ""_type"": ""image-file"", ""width"": 1400, ""format"": ""png"", ""height"": 1200, ""sha256"": ""c4c82943a4cafa7441ae05d4464606ecafeff8bca512e664d58f65e07dd72b2c""}"
lung_effnet_reproduction,UnVuOnYxOmdnZzUxanRoOmx1bmdfZWZmbmV0X3JlcHJvZHVjdGlvbjp0YWhtaWR1bGthc2hmaTE1LWludGVybmF0aW9uYWwtaXNsYW1pYy11bml2ZXJzaXR5LWNoaXR0YWdvbmc=,ggg51jth,effnet_sorted_seed42,finished,2026-06-25T16:23:49Z,2026-06-25T16:54:35Z,1844,"seed:42,split:sorted,v2",,,https://wandb.ai/tahmidulkashfi15-international-islamic-university-chittagong/lung_effnet_reproduction/runs/ggg51jth,"{'m': [], 't': {'1': [1, 5, 41, 53], '2': [1, 5, 41, 53], '3': [2, 13, 15, 16], '4': '3.12.13', '5': '0.28.0', '8': [2, 13], '12': '0.28.0', '13': 'linux-x86_64'}, 'cli_version': '0.28.0', 'python_version': '3.12.13'}",13,2,3,32,"['Benign', 'Malignant', 'Normal']",/kaggle/input/datasets/hamdallak/the-iqothnccd-lung-cancer-dataset/The IQ-OTHNCCD lung cancer dataset,cuda,0.5,30,240,0.001,0.3,5,42,0.1,,0.7,0.2,"['b0', 'b1', 'b2', 'b3', 'b4']",1844,64,1782406474.641027,1844,90.49773755656108,"{""path"": ""media/images/confusion/EffNet-B0_16_d326dbb410fc8d15f46f.png"", ""size"": 25521, ""_type"": ""image-file"", ""width"": 700, ""format"": ""png"", ""height"": 600, ""sha256"": ""d326dbb410fc8d15f46fbc1d3e36a7dbae026595b6e115950191d60335576b8a""}","{""path"": ""media/images/confusion/EffNet-B1_27_24ae700a589a4abf6be1.png"", ""size"": 25318, ""_type"": ""image-file"", ""width"": 700, ""format"": ""png"", ""height"": 600, ""sha256"": ""24ae700a589a4abf6be1fcc5cc8c0a5b98bd06d87b4dc87382b18da5497bf01f""}","{""path"": ""media/images/confusion/EffNet-B2_40_3be3f7ca7470c8fbfd8f.png"", ""size"": 24842, ""_type"": ""image-file"", ""width"": 700, ""format"": ""png"", ""height"": 600, ""sha256"": ""3be3f7ca7470c8fbfd8f356bf272d9af7ef1c1e4fa1b31492db52dafea731453""}","{""path"": ""media/images/confusion/EffNet-B3_50_2792187cc45d95efa03a.png"", ""size"": 25933, ""_type"": ""image-file"", ""width"": 700, ""format"": ""png"", ""height"": 600, ""sha256"": ""2792187cc45d95efa03a101eb4653a348bb71930295f7e379d1e14895bc8fc33""}","{""path"": ""media/images/confusion/EffNet-B4_62_7e767aab5dc7e18cb626.png"", ""size"": 24921, ""_type"": ""image-file"", ""width"": 700, ""format"": ""png"", ""height"": 600, ""sha256"": ""7e767aab5dc7e18cb6267ae6320d3da76f274451191d1b0db1cf187fbd7acd34""}","sorted ratio=(0.8, 0.2)",221,3140,221,10,0.0003,92.3076923076923,96.10898208382368,92.76018099547512,95.7981044011464,93.21266968325791,97.6306558168613,88.68778280542986,94.4310865626031,90.49773755656108,94.64717621582456,99.74489795918367,0.007605344466875457,90.04524886877829,82.32142857142858,1.245296476777641,"{""path"": ""media/images/xai/gradcam_64_4ebb2c921ba3696bc5a8.png"", ""size"": 958618, ""_type"": ""image-file"", ""width"": 1400, ""format"": ""png"", ""height"": 1200, ""sha256"": ""4ebb2c921ba3696bc5a89a6fc3cc991853c2e1f4b0326443e5842d3030116a55""}"
lung_effnet_reproduction,UnVuOnYxOnY2dWlqYTA4Omx1bmdfZWZmbmV0X3JlcHJvZHVjdGlvbjp0YWhtaWR1bGthc2hmaTE1LWludGVybmF0aW9uYWwtaXNsYW1pYy11bml2ZXJzaXR5LWNoaXR0YWdvbmc=,v6uija08,effnet_shuffled_seed2024,finished,2026-06-25T15:31:49Z,2026-06-25T16:23:49Z,3118,"seed:2024,split:shuffled,v2",,,https://wandb.ai/tahmidulkashfi15-international-islamic-university-chittagong/lung_effnet_reproduction/runs/v6uija08,"{'m': [], 't': {'1': [1, 5, 41, 53], '2': [1, 5, 41, 53], '3': [2, 13, 15, 16], '4': '3.12.13', '5': '0.28.0', '8': [2, 13], '12': '0.28.0', '13': 'linux-x86_64'}, 'cli_version': '0.28.0', 'python_version': '3.12.13'}",13,2,3,32,"['Benign', 'Malignant', 'Normal']",/kaggle/input/datasets/hamdallak/the-iqothnccd-lung-cancer-dataset/The IQ-OTHNCCD lung cancer dataset,cuda,0.5,30,240,0.001,0.3,5,42,0.1,,0.7,0.2,"['b0', 'b1', 'b2', 'b3', 'b4']",3118,105,1782404627.9996946,3118,99.5475113122172,"{""path"": ""media/images/confusion/EffNet-B0_27_d97ae2658029dcd1c910.png"", ""size"": 25084, ""_type"": ""image-file"", ""width"": 700, ""format"": ""png"", ""height"": 600, ""sha256"": ""d97ae2658029dcd1c910873d2b010e74079d5fe2f0d878818e648f3d02bbb7fc""}","{""path"": ""media/images/confusion/EffNet-B1_54_42b5beacaf8297b0fce8.png"", ""size"": 24989, ""_type"": ""image-file"", ""width"": 700, ""format"": ""png"", ""height"": 600, ""sha256"": ""42b5beacaf8297b0fce8b8ed38477c0cb8681e7441dbc42c570aed58a3930e94""}","{""path"": ""media/images/confusion/EffNet-B2_74_49ff2e6de6477c576000.png"", ""size"": 25121, ""_type"": ""image-file"", ""width"": 700, ""format"": ""png"", ""height"": 600, ""sha256"": ""49ff2e6de6477c576000b27ef0d8ee4de4e27887d2502d68b5a9fb34be74dcef""}","{""path"": ""media/images/confusion/EffNet-B3_87_37e12a980548177a46ed.png"", ""size"": 25111, ""_type"": ""image-file"", ""width"": 700, ""format"": ""png"", ""height"": 600, ""sha256"": ""37e12a980548177a46edc1f89562b2c4813e1663da41dbfa627fafd20adaac6b""}","{""path"": ""media/images/confusion/EffNet-B4_103_1de26fc649e3d179fe1c.png"", ""size"": 24929, ""_type"": ""image-file"", ""width"": 700, ""format"": ""png"", ""height"": 600, ""sha256"": ""1de26fc649e3d179fe1cc785967f207679c454da498bbc2d502738ecf81e0cf4""}","shuffled ratio=(0.8, 0.2)",221,3140,221,14,0.0003,99.5475113122172,99.97015980055366,99.5475113122172,99.99005326685122,99.5475113122172,99.94031960110732,98.6425339366516,99.97393117831074,99.5475113122172,100,99.77678571428572,0.0064923701544956905,99.5475113122172,99.09354148306684,0.008121993563526306,"{""path"": ""media/images/xai/gradcam_105_4c850d1df6de97ef91e8.png"", ""size"": 1008931, ""_type"": ""image-file"", ""width"": 1400, ""format"": ""png"", ""height"": 1200, ""sha256"": ""4c850d1df6de97ef91e88ec516f2143a7083fb07cdf7cd1b4a6d127d151cdadf""}"
lung_effnet_reproduction,UnVuOnYxOnlyOGVoYXRiOmx1bmdfZWZmbmV0X3JlcHJvZHVjdGlvbjp0YWhtaWR1bGthc2hmaTE1LWludGVybmF0aW9uYWwtaXNsYW1pYy11bml2ZXJzaXR5LWNoaXR0YWdvbmc=,yr8ehatb,effnet_shuffled_seed123,finished,2026-06-25T14:47:35Z,2026-06-25T15:31:49Z,2652,"seed:123,split:shuffled,v2",,,https://wandb.ai/tahmidulkashfi15-international-islamic-university-chittagong/lung_effnet_reproduction/runs/yr8ehatb,"{'m': [], 't': {'1': [1, 5, 41, 53], '2': [1, 5, 41, 53], '3': [2, 13, 15, 16], '4': '3.12.13', '5': '0.28.0', '8': [2, 13], '12': '0.28.0', '13': 'linux-x86_64'}, 'cli_version': '0.28.0', 'python_version': '3.12.13'}",13,2,3,32,"['Benign', 'Malignant', 'Normal']",/kaggle/input/datasets/hamdallak/the-iqothnccd-lung-cancer-dataset/The IQ-OTHNCCD lung cancer dataset,cuda,0.5,30,240,0.001,0.3,5,42,0.1,,0.7,0.2,"['b0', 'b1', 'b2', 'b3', 'b4']",2652,84,1782401508.1956832,2652,99.5475113122172,"{""path"": ""media/images/confusion/EffNet-B0_17_5b19a7f10bdc63936426.png"", ""size"": 25536, ""_type"": ""image-file"", ""width"": 700, ""format"": ""png"", ""height"": 600, ""sha256"": ""5b19a7f10bdc63936426a7b42f19e64055d2a3f2bfbaefc926ce1f38b3dacf44""}","{""path"": ""media/images/confusion/EffNet-B1_31_1104e0fc5a153110f9da.png"", ""size"": 25001, ""_type"": ""image-file"", ""width"": 700, ""format"": ""png"", ""height"": 600, ""sha256"": ""1104e0fc5a153110f9da7a6f7f7f9af96e704ba24253a112f726318df7c01905""}","{""path"": ""media/images/confusion/EffNet-B2_44_b205f578dccb40e7bb6b.png"", ""size"": 25101, ""_type"": ""image-file"", ""width"": 700, ""format"": ""png"", ""height"": 600, ""sha256"": ""b205f578dccb40e7bb6b5cee0647c39420c12bcdf40d8f9c5ec2d7af0bfa4e85""}","{""path"": ""media/images/confusion/EffNet-B3_66_3b02cbd7028772d175ba.png"", ""size"": 25273, ""_type"": ""image-file"", ""width"": 700, ""format"": ""png"", ""height"": 600, ""sha256"": ""3b02cbd7028772d175ba7c2c59aea180eeaf5a98fd1c2cbd22539a2c4d030411""}","{""path"": ""media/images/confusion/EffNet-B4_82_31677c588e7e49a71689.png"", ""size"": 24982, ""_type"": ""image-file"", ""width"": 700, ""format"": ""png"", ""height"": 600, ""sha256"": ""31677c588e7e49a71689dd645abd70fa7a356d3205f5f7ec8edf906d70b43abc""}","shuffled ratio=(0.8, 0.2)",221,3140,221,14,0.0003,98.6425339366516,99.6145916590357,97.28506787330316,99.77991474480788,98.19004524886876,99.83467691422786,99.0950226244344,99.93616593944506,99.5475113122172,99.9602130674049,99.6811224489796,0.0100137885611006,98.19004524886876,96.85443583118,0.09114369787941408,"{""path"": ""media/images/xai/gradcam_84_4665e88931c2a8525c97.png"", ""size"": 926569, ""_type"": ""image-file"", ""width"": 1400, ""format"": ""png"", ""height"": 1200, ""sha256"": ""4665e88931c2a8525c9703db95cf5197f8bc209959e9d6c058fb6e2895b438c1""}"
lung_effnet_reproduction,UnVuOnYxOnRlOWx1N2lzOmx1bmdfZWZmbmV0X3JlcHJvZHVjdGlvbjp0YWhtaWR1bGthc2hmaTE1LWludGVybmF0aW9uYWwtaXNsYW1pYy11bml2ZXJzaXR5LWNoaXR0YWdvbmc=,te9lu7is,effnet_shuffled_seed42,finished,2026-06-25T14:04:03Z,2026-06-25T14:47:35Z,2596,"seed:42,split:shuffled,v2",,,https://wandb.ai/tahmidulkashfi15-international-islamic-university-chittagong/lung_effnet_reproduction/runs/te9lu7is,"{'m': [], 't': {'1': [1, 5, 41, 53], '2': [1, 5, 41, 53], '3': [2, 13, 15, 16], '4': '3.12.13', '5': '0.28.0', '8': [2, 13], '12': '0.28.0', '13': 'linux-x86_64'}, 'cli_version': '0.28.0', 'python_version': '3.12.13'}",13,2,3,32,"['Benign', 'Malignant', 'Normal']",/kaggle/input/datasets/hamdallak/the-iqothnccd-lung-cancer-dataset/The IQ-OTHNCCD lung cancer dataset,cuda,0.5,30,240,0.001,0.3,5,42,0.1,,0.7,0.2,"['b0', 'b1', 'b2', 'b3', 'b4']",2610,84,1782398854.2435904,2610,98.6425339366516,"{""path"": ""media/images/confusion/EffNet-B0_15_5b19a7f10bdc63936426.png"", ""size"": 25536, ""_type"": ""image-file"", ""width"": 700, ""format"": ""png"", ""height"": 600, ""sha256"": ""5b19a7f10bdc63936426a7b42f19e64055d2a3f2bfbaefc926ce1f38b3dacf44""}","{""path"": ""media/images/confusion/EffNet-B1_28_e04dc0a5b3d8764b23e0.png"", ""size"": 25469, ""_type"": ""image-file"", ""width"": 700, ""format"": ""png"", ""height"": 600, ""sha256"": ""e04dc0a5b3d8764b23e0716abe2e2a952244aa94dd8c062bb3174dca0b7207d0""}","{""path"": ""media/images/confusion/EffNet-B2_48_07f114bba62bb8cb1c5b.png"", ""size"": 25241, ""_type"": ""image-file"", ""width"": 700, ""format"": ""png"", ""height"": 600, ""sha256"": ""07f114bba62bb8cb1c5b90b4a9771fc7d2d62cfc34de64ff4f604e3fb92cf57b""}","{""path"": ""media/images/confusion/EffNet-B3_68_3b02cbd7028772d175ba.png"", ""size"": 25273, ""_type"": ""image-file"", ""width"": 700, ""format"": ""png"", ""height"": 600, ""sha256"": ""3b02cbd7028772d175ba7c2c59aea180eeaf5a98fd1c2cbd22539a2c4d030411""}","{""path"": ""media/images/confusion/EffNet-B4_82_53d1bcafed50b74b25d9.png"", ""size"": 24970, ""_type"": ""image-file"", ""width"": 700, ""format"": ""png"", ""height"": 600, ""sha256"": ""53d1bcafed50b74b25d96381cdf1ac1a8fe6d9f61957ee089ae4f19e27208e5a""}","shuffled ratio=(0.8, 0.2)",221,3140,221,12,0.0003,98.6425339366516,99.77537879924036,98.6425339366516,99.77122513757809,99.0950226244344,99.91337593740424,99.0950226244344,99.2647063148008,98.6425339366516,99.89058593536345,99.61734693877553,0.011578816958606283,97.73755656108597,95.1606398709504,0.11121791053269324,"{""path"": ""media/images/xai/gradcam_84_aa9953625ecb9f44574b.png"", ""size"": 1001096, ""_type"": ""image-file"", ""width"": 1400, ""format"": ""png"", ""height"": 1200, ""sha256"": ""aa9953625ecb9f44574b031f2f9e0c99885a80ddcb490849b3336736121368e7""}"
lung_effnet_reproduction,UnVuOnYxOmlnZXhuZWY5Omx1bmdfZWZmbmV0X3JlcHJvZHVjdGlvbjp0YWhtaWR1bGthc2hmaTE1LWludGVybmF0aW9uYWwtaXNsYW1pYy11bml2ZXJzaXR5LWNoaXR0YWdvbmc=,igexnef9,lung_effnet_sequential_split,finished,2026-06-23T13:58:04Z,2026-06-23T14:50:54Z,3165,"70-20-10,effnet,honest,no-shuffle,sequential-split",,,https://wandb.ai/tahmidulkashfi15-international-islamic-university-chittagong/lung_effnet_reproduction/runs/igexnef9,"{'m': [], 't': {'1': [1, 5, 41, 53], '2': [1, 5, 41, 53], '3': [2, 13, 15, 16], '4': '3.12.13', '5': '0.28.0', '8': [2, 13], '12': '0.28.0', '13': 'linux-x86_64'}, 'cli_version': '0.28.0', 'python_version': '3.12.13'}",13,2,3,32,"['Benign', 'Malignant', 'Normal']",/kaggle/input/datasets/hamdallak/the-iqothnccd-lung-cancer-dataset/The IQ-OTHNCCD lung cancer dataset,cuda,0.5,30,240,0.001,0.3,5,42,0.1,,0.7,0.2,"['b0', 'b1', 'b2', 'b3', 'b4']",3169,99,1782226253.3831432,3169,90.9502262443439,"{""path"": ""media/images/confusion/EffNet-B0_22_1aaa69dbfcb336f2975b.png"", ""size"": 25356, ""_type"": ""image-file"", ""width"": 700, ""format"": ""png"", ""height"": 600, ""sha256"": ""1aaa69dbfcb336f2975b40729edbfbb96c9a681527fd2360de2d9c5a96b1588b""}","{""path"": ""media/images/confusion/EffNet-B1_37_2d4ffec2baf707d73658.png"", ""size"": 25230, ""_type"": ""image-file"", ""width"": 700, ""format"": ""png"", ""height"": 600, ""sha256"": ""2d4ffec2baf707d73658ec3663b5b8329518147b5268a29468f0d3b52b227204""}","{""path"": ""media/images/confusion/EffNet-B2_58_6f9d3ac4eb7f133cdde8.png"", ""size"": 25387, ""_type"": ""image-file"", ""width"": 700, ""format"": ""png"", ""height"": 600, ""sha256"": ""6f9d3ac4eb7f133cdde87a061ce9e275f4bae15b47653ca725e0e290b346da20""}","{""path"": ""media/images/confusion/EffNet-B3_76_e92eb30caff4b0f9b9e4.png"", ""size"": 24891, ""_type"": ""image-file"", ""width"": 700, ""format"": ""png"", ""height"": 600, ""sha256"": ""e92eb30caff4b0f9b9e4fd1786f846a219ef8ae78be0531fa8c943f012e219d0""}","{""path"": ""media/images/confusion/EffNet-B4_97_fb5a4801987f44a66599.png"", ""size"": 25696, ""_type"": ""image-file"", ""width"": 700, ""format"": ""png"", ""height"": 600, ""sha256"": ""fb5a4801987f44a665999be4212c559de6fa3314d30e4085f8d1448cd3f7a2d8""}",sequential 70/20/10 (no shuffle),221,3140,221,19,0.0003,91.4027149321267,93.14808296384123,93.21266968325791,96.3658989229592,93.21266968325791,96.9963402197368,92.76018099547512,94.96182527625892,90.9502262443439,94.07817235358084,99.80867346938776,0.006702361427916022,87.33031674208145,80.50206728467599,1.463626263097426,"{""path"": ""media/images/xai/gradcam_99_fef79cb03a599f383a1d.png"", ""size"": 975360, ""_type"": ""image-file"", ""width"": 1400, ""format"": ""png"", ""height"": 1200, ""sha256"": ""fef79cb03a599f383a1d9c2bc6332f4ad0de6e91b14701247168dfce39c64e10""}"
lung_effnet_reproduction,UnVuOnYxOmJjaTNmOTJqOmx1bmdfZWZmbmV0X3JlcHJvZHVjdGlvbjp0YWhtaWR1bGthc2hmaTE1LWludGVybmF0aW9uYWwtaXNsYW1pYy11bml2ZXJzaXR5LWNoaXR0YWdvbmc=,bci3f92j,lung_effnet_sequential_split,finished,2026-06-23T13:07:30Z,2026-06-23T13:58:03Z,3028,"70-20-10,effnet,honest,no-shuffle,sequential-split",,,https://wandb.ai/tahmidulkashfi15-international-islamic-university-chittagong/lung_effnet_reproduction/runs/bci3f92j,"{'m': [], 't': {'1': [1, 5, 41, 53], '2': [1, 5, 41, 53], '3': [2, 13, 15, 16], '4': '3.12.13', '5': '0.28.0', '8': [2, 13], '12': '0.28.0', '13': 'linux-x86_64'}, 'cli_version': '0.28.0', 'python_version': '3.12.13'}",13,2,3,32,"['Benign', 'Malignant', 'Normal']",/kaggle/input/datasets/hamdallak/the-iqothnccd-lung-cancer-dataset/The IQ-OTHNCCD lung cancer dataset,cuda,0.5,30,240,0.001,0.3,5,42,0.1,,0.7,0.2,"['b0', 'b1', 'b2', 'b3', 'b4']",3032,90,1782223082.9357731,3032,91.8552036199095,"{""path"": ""media/images/confusion/EffNet-B0_10_87d6a742f23b0547448a.png"", ""size"": 24970, ""_type"": ""image-file"", ""width"": 700, ""format"": ""png"", ""height"": 600, ""sha256"": ""87d6a742f23b0547448a18bfcbc27dbb5df24e73e483f12f8b01c8fb561125f8""}","{""path"": ""media/images/confusion/EffNet-B1_33_2c51974afeb08c69ea15.png"", ""size"": 25438, ""_type"": ""image-file"", ""width"": 700, ""format"": ""png"", ""height"": 600, ""sha256"": ""2c51974afeb08c69ea155ad6ae1d6034985f62d1c6f40c0470e1dbffcf85e710""}","{""path"": ""media/images/confusion/EffNet-B2_47_4d29bee4c709ec89eeb9.png"", ""size"": 25685, ""_type"": ""image-file"", ""width"": 700, ""format"": ""png"", ""height"": 600, ""sha256"": ""4d29bee4c709ec89eeb9176fd5a9d396536bfb417239c9696b540fb9462b7da3""}","{""path"": ""media/images/confusion/EffNet-B3_64_797221496831a6996a2f.png"", ""size"": 26054, ""_type"": ""image-file"", ""width"": 700, ""format"": ""png"", ""height"": 600, ""sha256"": ""797221496831a6996a2f8a07239f4f4afc58667fd616b7abf6242066c1212a68""}","{""path"": ""media/images/confusion/EffNet-B4_88_38150b47ca0fe6e525a7.png"", ""size"": 25535, ""_type"": ""image-file"", ""width"": 700, ""format"": ""png"", ""height"": 600, ""sha256"": ""38150b47ca0fe6e525a79f3e101889df3c1c73b4c322d67810b0ceb5bcb3653a""}",sequential 70/20/10 (no shuffle),221,3140,221,22,8.999999999999999e-05,90.49773755656108,95.75099526144398,90.9502262443439,95.65556764160826,90.49773755656108,95.56093399603718,91.4027149321267,95.80851428594954,91.8552036199095,96.29242322121829,99.96811224489797,0.0006295626668884557,91.4027149321267,84.16483389281166,1.168083180129304,"{""path"": ""media/images/xai/gradcam_90_873d1c53915a0ee6d5ac.png"", ""size"": 997228, ""_type"": ""image-file"", ""width"": 1400, ""format"": ""png"", ""height"": 1200, ""sha256"": ""873d1c53915a0ee6d5ac27434a0ff60caf444d53f911052fce7998c2ae33165d""}"
lung_effnet_reproduction,UnVuOnYxOmswZG41bGo5Omx1bmdfZWZmbmV0X3JlcHJvZHVjdGlvbjp0YWhtaWR1bGthc2hmaTE1LWludGVybmF0aW9uYWwtaXNsYW1pYy11bml2ZXJzaXR5LWNoaXR0YWdvbmc=,k0dn5lj9,lung_effnet_sequential_split,finished,2026-06-23T12:19:35Z,2026-06-23T13:07:30Z,2813,"70-20-10,effnet,honest,no-shuffle,sequential-split",,,https://wandb.ai/tahmidulkashfi15-international-islamic-university-chittagong/lung_effnet_reproduction/runs/k0dn5lj9,"{'m': [], 't': {'1': [1, 5, 41, 53], '2': [1, 5, 41, 53], '3': [2, 13, 15, 16], '4': '3.12.13', '5': '0.28.0', '8': [2, 13], '12': '0.28.0', '13': 'linux-x86_64'}, 'cli_version': '0.28.0', 'python_version': '3.12.13'}",13,2,3,32,"['Benign', 'Malignant', 'Normal']",/kaggle/input/datasets/hamdallak/the-iqothnccd-lung-cancer-dataset/The IQ-OTHNCCD lung cancer dataset,cuda,0.5,30,240,0.001,0.3,5,42,0.1,,0.7,0.2,"['b0', 'b1', 'b2', 'b3', 'b4']",2874,81,1782220049.118905,2874,93.66515837104072,"{""path"": ""media/images/confusion/EffNet-B0_10_6cbb2ac4b550892f6b1f.png"", ""size"": 25599, ""_type"": ""image-file"", ""width"": 700, ""format"": ""png"", ""height"": 600, ""sha256"": ""6cbb2ac4b550892f6b1f048e98d80637b51adf5eecd84fb086bf302caefca5cd""}","{""path"": ""media/images/confusion/EffNet-B1_20_75bb295f81efce1651a8.png"", ""size"": 24856, ""_type"": ""image-file"", ""width"": 700, ""format"": ""png"", ""height"": 600, ""sha256"": ""75bb295f81efce1651a8aed4c3eb613a9e82dc64c0ea142b97d7a1441a3e3034""}","{""path"": ""media/images/confusion/EffNet-B2_35_e29ee1a31c30aeae1b3f.png"", ""size"": 25326, ""_type"": ""image-file"", ""width"": 700, ""format"": ""png"", ""height"": 600, ""sha256"": ""e29ee1a31c30aeae1b3f27a155cc85904a6d6134e21e1dd206b07e46f1d6b6a3""}","{""path"": ""media/images/confusion/EffNet-B3_50_93b7c792670b32baf2cc.png"", ""size"": 25581, ""_type"": ""image-file"", ""width"": 700, ""format"": ""png"", ""height"": 600, ""sha256"": ""93b7c792670b32baf2cc62513809444ae4e0eae73c632c26fe6f5e1c06d19e3d""}","{""path"": ""media/images/confusion/EffNet-B4_79_cad073c3021666040af1.png"", ""size"": 25301, ""_type"": ""image-file"", ""width"": 700, ""format"": ""png"", ""height"": 600, ""sha256"": ""cad073c3021666040af148337d2fe2a512b13c4981257fc8d15ff5b7aa4e3294""}",sequential 70/20/10 (no shuffle),221,3140,221,27,8.999999999999999e-05,91.8552036199095,91.73211808220516,91.8552036199095,96.56148860176428,90.49773755656108,96.10147888027964,92.3076923076923,97.26005362560996,93.66515837104072,96.72543325999362,100,0.000716999945300718,91.8552036199095,85.85770405936272,1.1066212583799009,"{""path"": ""media/images/xai/gradcam_81_428a90e79f3511802ce7.png"", ""size"": 987790, ""_type"": ""image-file"", ""width"": 1400, ""format"": ""png"", ""height"": 1200, ""sha256"": ""428a90e79f3511802ce70f8faf2abb201b5a56a47f8a03f295c6fae325b45d4a""}"
lung_effnet_reproduction,UnVuOnYxOjJnc3VzZ3dsOmx1bmdfZWZmbmV0X3JlcHJvZHVjdGlvbjp0YWhtaWR1bGthc2hmaTE1LWludGVybmF0aW9uYWwtaXNsYW1pYy11bml2ZXJzaXR5LWNoaXR0YWdvbmc=,2gsusgwl,lung_effnet_sequential_split,finished,2026-06-23T11:27:04Z,2026-06-23T12:19:34Z,3088,"70-20-10,effnet,honest,no-shuffle,sequential-split",,,https://wandb.ai/tahmidulkashfi15-international-islamic-university-chittagong/lung_effnet_reproduction/runs/2gsusgwl,"{'m': [], 't': {'1': [1, 5, 41, 53], '2': [1, 5, 41, 53], '3': [2, 13, 15, 16], '4': '3.12.13', '5': '0.28.0', '8': [2, 13], '12': '0.28.0', '13': 'linux-x86_64'}, 'cli_version': '0.28.0', 'python_version': '3.12.13'}",13,2,3,32,"['Benign', 'Malignant', 'Normal']",/kaggle/input/datasets/hamdallak/the-iqothnccd-lung-cancer-dataset/The IQ-OTHNCCD lung cancer dataset,cuda,0.5,30,240,0.001,0.3,5,42,0.1,,0.7,0.2,"['b0', 'b1', 'b2', 'b3', 'b4']",3149,99,1782217173.5751112,3149,90.9502262443439,"{""path"": ""media/images/confusion/EffNet-B0_22_1aaa69dbfcb336f2975b.png"", ""size"": 25356, ""_type"": ""image-file"", ""width"": 700, ""format"": ""png"", ""height"": 600, ""sha256"": ""1aaa69dbfcb336f2975b40729edbfbb96c9a681527fd2360de2d9c5a96b1588b""}","{""path"": ""media/images/confusion/EffNet-B1_37_2d4ffec2baf707d73658.png"", ""size"": 25230, ""_type"": ""image-file"", ""width"": 700, ""format"": ""png"", ""height"": 600, ""sha256"": ""2d4ffec2baf707d73658ec3663b5b8329518147b5268a29468f0d3b52b227204""}","{""path"": ""media/images/confusion/EffNet-B2_58_6f9d3ac4eb7f133cdde8.png"", ""size"": 25387, ""_type"": ""image-file"", ""width"": 700, ""format"": ""png"", ""height"": 600, ""sha256"": ""6f9d3ac4eb7f133cdde87a061ce9e275f4bae15b47653ca725e0e290b346da20""}","{""path"": ""media/images/confusion/EffNet-B3_76_e92eb30caff4b0f9b9e4.png"", ""size"": 24891, ""_type"": ""image-file"", ""width"": 700, ""format"": ""png"", ""height"": 600, ""sha256"": ""e92eb30caff4b0f9b9e4fd1786f846a219ef8ae78be0531fa8c943f012e219d0""}","{""path"": ""media/images/confusion/EffNet-B4_97_fb5a4801987f44a66599.png"", ""size"": 25696, ""_type"": ""image-file"", ""width"": 700, ""format"": ""png"", ""height"": 600, ""sha256"": ""fb5a4801987f44a665999be4212c559de6fa3314d30e4085f8d1448cd3f7a2d8""}",sequential 70/20/10 (no shuffle),221,3140,221,19,0.0003,91.4027149321267,93.14808296384123,93.21266968325791,96.3658989229592,93.21266968325791,96.9963402197368,92.76018099547512,94.96182527625892,90.9502262443439,94.07817235358084,99.80867346938776,0.006702361427916022,87.33031674208145,80.50206728467599,1.463626263097426,"{""path"": ""media/images/xai/gradcam_99_fef79cb03a599f383a1d.png"", ""size"": 975360, ""_type"": ""image-file"", ""width"": 1400, ""format"": ""png"", ""height"": 1200, ""sha256"": ""fef79cb03a599f383a1d9c2bc6332f4ad0de6e91b14701247168dfce39c64e10""}"
lung_effnet_reproduction,UnVuOnYxOmt0aGVxcW9mOmx1bmdfZWZmbmV0X3JlcHJvZHVjdGlvbjp0YWhtaWR1bGthc2hmaTE1LWludGVybmF0aW9uYWwtaXNsYW1pYy11bml2ZXJzaXR5LWNoaXR0YWdvbmc=,ktheqqof,lung_effnet_sequential_split,finished,2026-06-23T10:36:44Z,2026-06-23T11:27:02Z,3014,"70-20-10,effnet,honest,no-shuffle,sequential-split",,,https://wandb.ai/tahmidulkashfi15-international-islamic-university-chittagong/lung_effnet_reproduction/runs/ktheqqof,"{'m': [], 't': {'1': [1, 5, 41, 53], '2': [1, 5, 41, 53], '3': [2, 13, 15, 16], '4': '3.12.13', '5': '0.28.0', '8': [2, 13], '12': '0.28.0', '13': 'linux-x86_64'}, 'cli_version': '0.28.0', 'python_version': '3.12.13'}",13,2,3,32,"['Benign', 'Malignant', 'Normal']",/kaggle/input/datasets/hamdallak/the-iqothnccd-lung-cancer-dataset/The IQ-OTHNCCD lung cancer dataset,cuda,0.5,30,240,0.001,0.3,5,42,0.1,,0.7,0.2,"['b0', 'b1', 'b2', 'b3', 'b4']",3018,90,1782214021.8983912,3018,91.8552036199095,"{""path"": ""media/images/confusion/EffNet-B0_10_87d6a742f23b0547448a.png"", ""size"": 24970, ""_type"": ""image-file"", ""width"": 700, ""format"": ""png"", ""height"": 600, ""sha256"": ""87d6a742f23b0547448a18bfcbc27dbb5df24e73e483f12f8b01c8fb561125f8""}","{""path"": ""media/images/confusion/EffNet-B1_33_2c51974afeb08c69ea15.png"", ""size"": 25438, ""_type"": ""image-file"", ""width"": 700, ""format"": ""png"", ""height"": 600, ""sha256"": ""2c51974afeb08c69ea155ad6ae1d6034985f62d1c6f40c0470e1dbffcf85e710""}","{""path"": ""media/images/confusion/EffNet-B2_47_4d29bee4c709ec89eeb9.png"", ""size"": 25685, ""_type"": ""image-file"", ""width"": 700, ""format"": ""png"", ""height"": 600, ""sha256"": ""4d29bee4c709ec89eeb9176fd5a9d396536bfb417239c9696b540fb9462b7da3""}","{""path"": ""media/images/confusion/EffNet-B3_64_797221496831a6996a2f.png"", ""size"": 26054, ""_type"": ""image-file"", ""width"": 700, ""format"": ""png"", ""height"": 600, ""sha256"": ""797221496831a6996a2f8a07239f4f4afc58667fd616b7abf6242066c1212a68""}","{""path"": ""media/images/confusion/EffNet-B4_88_38150b47ca0fe6e525a7.png"", ""size"": 25535, ""_type"": ""image-file"", ""width"": 700, ""format"": ""png"", ""height"": 600, ""sha256"": ""38150b47ca0fe6e525a79f3e101889df3c1c73b4c322d67810b0ceb5bcb3653a""}",sequential 70/20/10 (no shuffle),221,3140,221,22,8.999999999999999e-05,90.49773755656108,95.75099526144398,90.9502262443439,95.65556764160826,90.49773755656108,95.56093399603718,91.4027149321267,95.80851428594954,91.8552036199095,96.29242322121829,99.96811224489797,0.0006295626668884557,91.4027149321267,84.16483389281166,1.168083180129304,"{""path"": ""media/images/xai/gradcam_90_873d1c53915a0ee6d5ac.png"", ""size"": 997228, ""_type"": ""image-file"", ""width"": 1400, ""format"": ""png"", ""height"": 1200, ""sha256"": ""873d1c53915a0ee6d5ac27434a0ff60caf444d53f911052fce7998c2ae33165d""}"
lung_effnet_reproduction,UnVuOnYxOm8wYWZxb3lzOmx1bmdfZWZmbmV0X3JlcHJvZHVjdGlvbjp0YWhtaWR1bGthc2hmaTE1LWludGVybmF0aW9uYWwtaXNsYW1pYy11bml2ZXJzaXR5LWNoaXR0YWdvbmc=,o0afqoys,lung_effnet_sequential_split,finished,2026-06-23T09:48:47Z,2026-06-23T10:36:43Z,2875,"70-20-10,effnet,honest,no-shuffle,sequential-split",,,https://wandb.ai/tahmidulkashfi15-international-islamic-university-chittagong/lung_effnet_reproduction/runs/o0afqoys,"{'m': [], 't': {'1': [1, 5, 41, 53], '2': [1, 5, 41, 53], '3': [2, 13, 15, 16], '4': '3.12.13', '5': '0.28.0', '8': [2, 13], '12': '0.28.0', '13': 'linux-x86_64'}, 'cli_version': '0.28.0', 'python_version': '3.12.13'}",13,2,3,32,"['Benign', 'Malignant', 'Normal']",/kaggle/input/datasets/hamdallak/the-iqothnccd-lung-cancer-dataset/The IQ-OTHNCCD lung cancer dataset,cuda,0.5,30,240,0.001,0.3,5,42,0.1,,0.7,0.2,"['b0', 'b1', 'b2', 'b3', 'b4']",2875,81,1782211002.6724458,2875,93.66515837104072,"{""path"": ""media/images/confusion/EffNet-B0_10_6cbb2ac4b550892f6b1f.png"", ""size"": 25599, ""_type"": ""image-file"", ""width"": 700, ""format"": ""png"", ""height"": 600, ""sha256"": ""6cbb2ac4b550892f6b1f048e98d80637b51adf5eecd84fb086bf302caefca5cd""}","{""path"": ""media/images/confusion/EffNet-B1_20_75bb295f81efce1651a8.png"", ""size"": 24856, ""_type"": ""image-file"", ""width"": 700, ""format"": ""png"", ""height"": 600, ""sha256"": ""75bb295f81efce1651a8aed4c3eb613a9e82dc64c0ea142b97d7a1441a3e3034""}","{""path"": ""media/images/confusion/EffNet-B2_35_e29ee1a31c30aeae1b3f.png"", ""size"": 25326, ""_type"": ""image-file"", ""width"": 700, ""format"": ""png"", ""height"": 600, ""sha256"": ""e29ee1a31c30aeae1b3f27a155cc85904a6d6134e21e1dd206b07e46f1d6b6a3""}","{""path"": ""media/images/confusion/EffNet-B3_50_93b7c792670b32baf2cc.png"", ""size"": 25581, ""_type"": ""image-file"", ""width"": 700, ""format"": ""png"", ""height"": 600, ""sha256"": ""93b7c792670b32baf2cc62513809444ae4e0eae73c632c26fe6f5e1c06d19e3d""}","{""path"": ""media/images/confusion/EffNet-B4_79_cad073c3021666040af1.png"", ""size"": 25301, ""_type"": ""image-file"", ""width"": 700, ""format"": ""png"", ""height"": 600, ""sha256"": ""cad073c3021666040af148337d2fe2a512b13c4981257fc8d15ff5b7aa4e3294""}",sequential 70/20/10 (no shuffle),221,3140,221,27,8.999999999999999e-05,91.8552036199095,91.73211808220516,91.8552036199095,96.56148860176428,90.49773755656108,96.10147888027964,92.3076923076923,97.26005362560996,93.66515837104072,96.72543325999362,100,0.000716999945300718,91.8552036199095,85.85770405936272,1.1066212583799009,"{""path"": ""media/images/xai/gradcam_81_428a90e79f3511802ce7.png"", ""size"": 987790, ""_type"": ""image-file"", ""width"": 1400, ""format"": ""png"", ""height"": 1200, ""sha256"": ""428a90e79f3511802ce70f8faf2abb201b5a56a47f8a03f295c6fae325b45d4a""}"
lung_effnet_reproduction,UnVuOnYxOnd5OXNtY2lwOmx1bmdfZWZmbmV0X3JlcHJvZHVjdGlvbjp0YWhtaWR1bGthc2hmaTE1LWludGVybmF0aW9uYWwtaXNsYW1pYy11bml2ZXJzaXR5LWNoaXR0YWdvbmc=,wy9smcip,lung_effnet_sequential_split,finished,2026-04-27T10:17:09Z,2026-04-27T10:50:25Z,1995,"70-20-10,effnet,honest,no-shuffle,sequential-split",,,https://wandb.ai/tahmidulkashfi15-international-islamic-university-chittagong/lung_effnet_reproduction/runs/wy9smcip,"{'m': [], 't': {'1': [1, 5, 41, 53], '2': [1, 5, 41, 53], '3': [2, 13, 15, 16], '4': '3.12.12', '5': '0.26.1', '8': [1, 2, 12], '12': '0.26.1', '13': 'linux-x86_64'}, 'cli_version': '0.26.1', 'python_version': '3.12.12'}",13,2,3,32,"['Benign', 'Malignant', 'Normal']",/kaggle/input/datasets/hamdallak/the-iqothnccd-lung-cancer-dataset/The IQ-OTHNCCD lung cancer dataset,cuda,0.5,30,240,0.001,0.3,5,42,0.1,,0.7,0.2,"['b0', 'b1', 'b2', 'b3', 'b4']",1995,72,1777287024.034585,1995,90.36697247706422,"{""path"": ""media/images/confusion/EffNet-B0_10_2f5102bfadd312337d15.png"", ""size"": 24690, ""_type"": ""image-file"", ""width"": 700, ""format"": ""png"", ""height"": 600, ""sha256"": ""2f5102bfadd312337d1536397dfa6303c14a8925cd0d2e51cbcb611287678ac4""}","{""path"": ""media/images/confusion/EffNet-B1_23_e1fcbda8e4a53432f4ad.png"", ""size"": 24855, ""_type"": ""image-file"", ""width"": 700, ""format"": ""png"", ""height"": 600, ""sha256"": ""e1fcbda8e4a53432f4ad9c672fe293b41dcdfb1ef05b01eccc5e00b781a55984""}","{""path"": ""media/images/confusion/EffNet-B2_37_ce845079663011756d7e.png"", ""size"": 24879, ""_type"": ""image-file"", ""width"": 700, ""format"": ""png"", ""height"": 600, ""sha256"": ""ce845079663011756d7e93ee56a5fa856a2ee3bf13c8f8ceb669faeb3102a300""}","{""path"": ""media/images/confusion/EffNet-B3_59_4a9983c7d42d3ca0966d.png"", ""size"": 25215, ""_type"": ""image-file"", ""width"": 700, ""format"": ""png"", ""height"": 600, ""sha256"": ""4a9983c7d42d3ca0966d59ac4da7fc2bae8a5d8ee9678f1c06c9d88c8b5bc7d3""}","{""path"": ""media/images/confusion/EffNet-B4_70_b5df24b82bcbf306ae49.png"", ""size"": 24733, ""_type"": ""image-file"", ""width"": 700, ""format"": ""png"", ""height"": 600, ""sha256"": ""b5df24b82bcbf306ae498686a6d62762071b76a5d0a8e6ae469f969ee341c140""}",sequential 70/20/10 (no shuffle),112,2749,218,9,0.0003,91.07142857142856,96.76675176675175,82.14285714285714,87.83162813238002,80.35714285714286,86.63009226919,87.5,94.25328639614354,82.14285714285714,89.79504622361766,99.88970588235294,0.0042047372125928045,82.11009174311926,68.63933452168746,1.212880151457401,"{""path"": ""media/images/xai/gradcam_72_07f216684804ab21f216.png"", ""size"": 801682, ""_type"": ""image-file"", ""width"": 1400, ""format"": ""png"", ""height"": 1200, ""sha256"": ""07f216684804ab21f21642c92d140d1386bf990264c406e9f54bfd94101cb894""}"
lung_effnet_reproduction,UnVuOnYxOm05YTF1NG51Omx1bmdfZWZmbmV0X3JlcHJvZHVjdGlvbjp0YWhtaWR1bGthc2hmaTE1LWludGVybmF0aW9uYWwtaXNsYW1pYy11bml2ZXJzaXR5LWNoaXR0YWdvbmc=,m9a1u4nu,lung_effnet_leaky_split,finished,2026-04-27T09:33:05Z,2026-04-27T10:09:36Z,2190,"80-20,effnet,image-level-split,leaky,paper-method",,,https://wandb.ai/tahmidulkashfi15-international-islamic-university-chittagong/lung_effnet_reproduction/runs/m9a1u4nu,"{'m': [], 't': {'1': [1, 5, 41, 53], '2': [1, 5, 41, 53], '3': [2, 13, 15, 16], '4': '3.12.12', '5': '0.26.1', '8': [1, 2, 12], '12': '0.26.1', '13': 'linux-x86_64'}, 'cli_version': '0.26.1', 'python_version': '3.12.12'}",13,2,3,32,"['Benign', 'Malignant', 'Normal']",/kaggle/input/datasets/hamdallak/the-iqothnccd-lung-cancer-dataset/The IQ-OTHNCCD lung cancer dataset,cuda,0.5,30,240,0.001,0.3,5,42,,0.2,,,"['b0', 'b1', 'b2', 'b3', 'b4']",2190,84,1777284576.0570607,2190,98.86363636363636,"{""path"": ""media/images/confusion/EffNet-B0_20_f25231005803310c31e0.png"", ""size"": 25376, ""_type"": ""image-file"", ""width"": 700, ""format"": ""png"", ""height"": 600, ""sha256"": ""f25231005803310c31e01f929b7e6465c481d588e77c55cf302c50eb7f438ba8""}","{""path"": ""media/images/confusion/EffNet-B1_39_5dc38fe30427049f2412.png"", ""size"": 25319, ""_type"": ""image-file"", ""width"": 700, ""format"": ""png"", ""height"": 600, ""sha256"": ""5dc38fe30427049f2412e35db5a3f20a564a11b48d5aad0f3dede3a3df8a02aa""}","{""path"": ""media/images/confusion/EffNet-B2_59_a24df7ab5c45d288dbce.png"", ""size"": 25409, ""_type"": ""image-file"", ""width"": 700, ""format"": ""png"", ""height"": 600, ""sha256"": ""a24df7ab5c45d288dbce9b2109212c5049271cb9dd3115e99071ec65e7f37b7a""}","{""path"": ""media/images/confusion/EffNet-B3_70_c38fb0686807f1d66c01.png"", ""size"": 25966, ""_type"": ""image-file"", ""width"": 700, ""format"": ""png"", ""height"": 600, ""sha256"": ""c38fb0686807f1d66c0115755ee6a9383b234c07d1f44538da70f5287ea1c936""}","{""path"": ""media/images/confusion/EffNet-B4_82_502acb139719a795242c.png"", ""size"": 25281, ""_type"": ""image-file"", ""width"": 700, ""format"": ""png"", ""height"": 600, ""sha256"": ""502acb139719a795242ccb6eeece62c1bf8ceb0626eaa751312aa5cc3b56e6b1""}",image-level random (paper method),220,2824,88,10,0.0003,98.63636363636364,99.95992959374117,98.63636363636364,99.95992959374117,98.63636363636364,99.95992959374117,97.72727272727272,99.84509640927284,97.72727272727272,99.64400591092708,99.53835227272728,0.018839390674574217,97.72727272727272,95.92803030303033,0.05899107828736305,"{""path"": ""media/images/xai/gradcam_84_67a47e3635c1acd37599.png"", ""size"": 879792, ""_type"": ""image-file"", ""width"": 1400, ""format"": ""png"", ""height"": 1200, ""sha256"": ""67a47e3635c1acd375995f34f194c84bf14e7f3e9cad0d011c3acb84ebbe8448""}"
lung_effnet_reproduction,UnVuOnYxOjZnOHpmOXZ0Omx1bmdfZWZmbmV0X3JlcHJvZHVjdGlvbjp0YWhtaWR1bGthc2hmaTE1LWludGVybmF0aW9uYWwtaXNsYW1pYy11bml2ZXJzaXR5LWNoaXR0YWdvbmc=,6g8zf9vt,lung_effnet_leaky_split,finished,2026-04-27T09:29:58Z,2026-04-27T09:33:00Z,180,"80-20,effnet,image-level-split,leaky,paper-method",,,https://wandb.ai/tahmidulkashfi15-international-islamic-university-chittagong/lung_effnet_reproduction/runs/6g8zf9vt,"{'m': [], 't': {'1': [1, 5, 41, 53], '2': [1, 5, 41, 53], '3': [2, 13, 15, 16], '4': '3.12.12', '5': '0.26.1', '8': [1, 2, 12], '12': '0.26.1', '13': 'linux-x86_64'}, 'cli_version': '0.26.1', 'python_version': '3.12.12'}",13,2,3,32,"['Benign', 'Malignant', 'Normal']",/kaggle/input/the-iqothnccd-lung-cancer-dataset/The IQ-OTHNCCD lung cancer dataset,cuda,0.5,30,240,0.001,0.3,5,42,,0.2,,,"['b0', 'b1', 'b2', 'b3', 'b4']",180,,,180,,,,,,,,,,,,,,,,,,,,,,,,,,,,
lung_effnet_reproduction,UnVuOnYxOnkwODE0cml5Omx1bmdfZWZmbmV0X3JlcHJvZHVjdGlvbjp0YWhtaWR1bGthc2hmaTE1LWludGVybmF0aW9uYWwtaXNsYW1pYy11bml2ZXJzaXR5LWNoaXR0YWdvbmc=,y0814riy,lung_effnet_leaky_split,finished,2026-04-27T08:54:46Z,2026-04-27T09:29:53Z,2104,"80-20,effnet,image-level-split,leaky,paper-method",,,https://wandb.ai/tahmidulkashfi15-international-islamic-university-chittagong/lung_effnet_reproduction/runs/y0814riy,"{'m': [], 't': {'1': [1, 5, 41, 53], '2': [1, 5, 41, 53], '3': [2, 13, 15, 16], '4': '3.12.12', '5': '0.26.1', '8': [1, 2, 12], '12': '0.26.1', '13': 'linux-x86_64'}, 'cli_version': '0.26.1', 'python_version': '3.12.12'}",13,2,3,32,"['Benign', 'Malignant', 'Normal']",/kaggle/input/datasets/hamdallak/the-iqothnccd-lung-cancer-dataset/The IQ-OTHNCCD lung cancer dataset,cuda,0.5,50,240,0.001,0.3,5,42,,0.2,,,"['b0', 'b1', 'b2', 'b3', 'b4']",2104,94,1777282177.9040413,2104,100,"{""path"": ""media/images/confusion/EffNet-B0_51_9c81aedc492f9078c5ac.png"", ""size"": 24909, ""_type"": ""image-file"", ""width"": 700, ""format"": ""png"", ""height"": 600, ""sha256"": ""9c81aedc492f9078c5ac5cf762293f141e3eca04ab154bf4e8babd356f9d6f2c""}",,,,,image-level random (paper method),220,2824,88,42,7.289999999999998e-07,99.54545454545456,99.9899823984353,,,,,,,,,99.96448863636364,0.0006721990796165755,100,100,4.582292240229435e-05,
