project,run_id,run_name,display_name,state,created_at,updated_at,compute_seconds,tags,job_type,sweep_name,wandb_url,config/_wandb,metric/_wandb/runtime
uncategorized,UnVuOnYxOmw0cjkydW01OnVuY2F0ZWdvcml6ZWQ6dGFobWlkdWxrYXNoZmkxNS1pbnRlcm5hdGlvbmFsLWlzbGFtaWMtdW5pdmVyc2l0eS1jaGl0dGFnb25n,l4r92um5,lyric-sky-10,finished,2024-11-23T07:17:18Z,2024-11-23T07:31:22Z,4,,,,https://wandb.ai/tahmidulkashfi15-international-islamic-university-chittagong/uncategorized/runs/l4r92um5,"{'m': [], 't': {'1': [1, 41, 55, 105], '2': [1, 41, 55, 105], '3': [2, 16, 23, 55], '4': '3.10.12', '5': '0.18.7', '8': [1, 5, 12], '12': '0.18.7', '13': 'linux-x86_64'}, 'cli_version': '0.18.7', 'python_version': '3.10.12'}",4
uncategorized,UnVuOnYxOjJ4YmQ1b3cxOnVuY2F0ZWdvcml6ZWQ6dGFobWlkdWxrYXNoZmkxNS1pbnRlcm5hdGlvbmFsLWlzbGFtaWMtdW5pdmVyc2l0eS1jaGl0dGFnb25n,2xbd5ow1,glowing-blaze-9,finished,2024-11-23T07:16:04Z,2024-11-23T07:17:16Z,73,,,,https://wandb.ai/tahmidulkashfi15-international-islamic-university-chittagong/uncategorized/runs/2xbd5ow1,"{'m': [], 't': {'1': [1, 41, 55, 105], '2': [1, 41, 55, 105], '3': [2, 23, 55], '4': '3.10.12', '5': '0.18.7', '8': [1, 5, 12], '12': '0.18.7', '13': 'linux-x86_64'}, 'cli_version': '0.18.7', 'python_version': '3.10.12'}",73
uncategorized,UnVuOnYxOjRkbGtiZzM4OnVuY2F0ZWdvcml6ZWQ6dGFobWlkdWxrYXNoZmkxNS1pbnRlcm5hdGlvbmFsLWlzbGFtaWMtdW5pdmVyc2l0eS1jaGl0dGFnb25n,4dlkbg38,summer-thunder-8,finished,2024-11-23T07:15:22Z,2024-11-23T07:16:01Z,0,,,,https://wandb.ai/tahmidulkashfi15-international-islamic-university-chittagong/uncategorized/runs/4dlkbg38,"{'m': [], 't': {'1': [1, 41, 55, 105], '2': [1, 41, 55, 105], '3': [2, 23, 55], '4': '3.10.12', '5': '0.18.7', '8': [1, 5, 12], '12': '0.18.7', '13': 'linux-x86_64'}, 'cli_version': '0.18.7', 'python_version': '3.10.12'}",
uncategorized,UnVuOnYxOnhsZXBpMHBxOnVuY2F0ZWdvcml6ZWQ6dGFobWlkdWxrYXNoZmkxNS1pbnRlcm5hdGlvbmFsLWlzbGFtaWMtdW5pdmVyc2l0eS1jaGl0dGFnb25n,xlepi0pq,daily-gorge-7,finished,2024-11-23T07:14:11Z,2024-11-23T07:15:19Z,69,,,,https://wandb.ai/tahmidulkashfi15-international-islamic-university-chittagong/uncategorized/runs/xlepi0pq,"{'m': [], 't': {'1': [1, 41, 55, 105], '2': [1, 41, 55, 105], '3': [2, 23, 55], '4': '3.10.12', '5': '0.18.7', '8': [1, 5, 12], '12': '0.18.7', '13': 'linux-x86_64'}, 'cli_version': '0.18.7', 'python_version': '3.10.12'}",69
uncategorized,UnVuOnYxOmRhZTJjcnBuOnVuY2F0ZWdvcml6ZWQ6dGFobWlkdWxrYXNoZmkxNS1pbnRlcm5hdGlvbmFsLWlzbGFtaWMtdW5pdmVyc2l0eS1jaGl0dGFnb25n,dae2crpn,olive-water-6,finished,2024-11-23T07:13:18Z,2024-11-23T07:14:09Z,3,,,,https://wandb.ai/tahmidulkashfi15-international-islamic-university-chittagong/uncategorized/runs/dae2crpn,"{'m': [], 't': {'1': [1, 41, 55, 105], '2': [1, 41, 55, 105], '3': [2, 23, 55], '4': '3.10.12', '5': '0.18.7', '8': [1, 5, 12], '12': '0.18.7', '13': 'linux-x86_64'}, 'cli_version': '0.18.7', 'python_version': '3.10.12'}",3
uncategorized,UnVuOnYxOmtvem1ydG1yOnVuY2F0ZWdvcml6ZWQ6dGFobWlkdWxrYXNoZmkxNS1pbnRlcm5hdGlvbmFsLWlzbGFtaWMtdW5pdmVyc2l0eS1jaGl0dGFnb25n,kozmrtmr,grateful-bush-5,finished,2024-11-23T07:12:53Z,2024-11-23T07:13:15Z,22,,,,https://wandb.ai/tahmidulkashfi15-international-islamic-university-chittagong/uncategorized/runs/kozmrtmr,"{'m': [], 't': {'1': [1, 41, 55, 105], '2': [1, 41, 55, 105], '3': [2, 23, 55], '4': '3.10.12', '5': '0.18.7', '8': [1, 5, 12], '12': '0.18.7', '13': 'linux-x86_64'}, 'cli_version': '0.18.7', 'python_version': '3.10.12'}",22
uncategorized,UnVuOnYxOmhiZTdjcGJqOnVuY2F0ZWdvcml6ZWQ6dGFobWlkdWxrYXNoZmkxNS1pbnRlcm5hdGlvbmFsLWlzbGFtaWMtdW5pdmVyc2l0eS1jaGl0dGFnb25n,hbe7cpbj,revived-pond-4,finished,2024-11-23T07:12:27Z,2024-11-23T07:12:50Z,3,,,,https://wandb.ai/tahmidulkashfi15-international-islamic-university-chittagong/uncategorized/runs/hbe7cpbj,"{'m': [], 't': {'1': [1, 41, 55, 105], '2': [1, 41, 55, 105], '3': [2, 23, 55], '4': '3.10.12', '5': '0.18.7', '8': [1, 5, 12], '12': '0.18.7', '13': 'linux-x86_64'}, 'cli_version': '0.18.7', 'python_version': '3.10.12'}",3
uncategorized,UnVuOnYxOmRmaHN0M3liOnVuY2F0ZWdvcml6ZWQ6dGFobWlkdWxrYXNoZmkxNS1pbnRlcm5hdGlvbmFsLWlzbGFtaWMtdW5pdmVyc2l0eS1jaGl0dGFnb25n,dfhst3yb,blooming-water-3,finished,2024-11-23T07:04:22Z,2024-11-23T07:12:25Z,484,,,,https://wandb.ai/tahmidulkashfi15-international-islamic-university-chittagong/uncategorized/runs/dfhst3yb,"{'m': [], 't': {'1': [1, 41, 55, 105], '2': [1, 41, 55, 105], '3': [2, 23, 55], '4': '3.10.12', '5': '0.18.7', '8': [1, 5, 12], '12': '0.18.7', '13': 'linux-x86_64'}, 'cli_version': '0.18.7', 'python_version': '3.10.12'}",484
uncategorized,UnVuOnYxOnV4dThxNzM1OnVuY2F0ZWdvcml6ZWQ6dGFobWlkdWxrYXNoZmkxNS1pbnRlcm5hdGlvbmFsLWlzbGFtaWMtdW5pdmVyc2l0eS1jaGl0dGFnb25n,uxu8q735,noble-blaze-2,finished,2024-11-23T07:03:41Z,2024-11-23T07:04:18Z,3,,,,https://wandb.ai/tahmidulkashfi15-international-islamic-university-chittagong/uncategorized/runs/uxu8q735,"{'m': [], 't': {'1': [1, 41, 55, 105], '2': [1, 41, 55, 105], '3': [2, 23, 55], '4': '3.10.12', '5': '0.18.7', '8': [1, 5, 12], '12': '0.18.7', '13': 'linux-x86_64'}, 'cli_version': '0.18.7', 'python_version': '3.10.12'}",3
uncategorized,UnVuOnYxOm42b2ZuejNmOnVuY2F0ZWdvcml6ZWQ6dGFobWlkdWxrYXNoZmkxNS1pbnRlcm5hdGlvbmFsLWlzbGFtaWMtdW5pdmVyc2l0eS1jaGl0dGFnb25n,n6ofnz3f,solar-disco-1,finished,2024-11-23T07:02:06Z,2024-11-23T07:03:38Z,93,,,,https://wandb.ai/tahmidulkashfi15-international-islamic-university-chittagong/uncategorized/runs/n6ofnz3f,"{'m': [], 't': {'1': [1, 41, 55, 105], '2': [1, 41, 55, 105], '3': [2, 23, 55], '4': '3.10.12', '5': '0.18.7', '8': [1, 5, 12], '12': '0.18.7', '13': 'linux-x86_64'}, 'cli_version': '0.18.7', 'python_version': '3.10.12'}",93
