run_name,display_name,state,created_at,compute_seconds,tags,wandb_url,metric/_wandb/runtime
n6ofnz3f,solar-disco-1,finished,2024-11-23T07:02:06Z,93,,https://wandb.ai/tahmidulkashfi15-international-islamic-university-chittagong/uncategorized/runs/n6ofnz3f,93
uxu8q735,noble-blaze-2,finished,2024-11-23T07:03:41Z,3,,https://wandb.ai/tahmidulkashfi15-international-islamic-university-chittagong/uncategorized/runs/uxu8q735,3
dfhst3yb,blooming-water-3,finished,2024-11-23T07:04:22Z,484,,https://wandb.ai/tahmidulkashfi15-international-islamic-university-chittagong/uncategorized/runs/dfhst3yb,484
hbe7cpbj,revived-pond-4,finished,2024-11-23T07:12:27Z,3,,https://wandb.ai/tahmidulkashfi15-international-islamic-university-chittagong/uncategorized/runs/hbe7cpbj,3
kozmrtmr,grateful-bush-5,finished,2024-11-23T07:12:53Z,22,,https://wandb.ai/tahmidulkashfi15-international-islamic-university-chittagong/uncategorized/runs/kozmrtmr,22
dae2crpn,olive-water-6,finished,2024-11-23T07:13:18Z,3,,https://wandb.ai/tahmidulkashfi15-international-islamic-university-chittagong/uncategorized/runs/dae2crpn,3
xlepi0pq,daily-gorge-7,finished,2024-11-23T07:14:11Z,69,,https://wandb.ai/tahmidulkashfi15-international-islamic-university-chittagong/uncategorized/runs/xlepi0pq,69
4dlkbg38,summer-thunder-8,finished,2024-11-23T07:15:22Z,0,,https://wandb.ai/tahmidulkashfi15-international-islamic-university-chittagong/uncategorized/runs/4dlkbg38,
2xbd5ow1,glowing-blaze-9,finished,2024-11-23T07:16:04Z,73,,https://wandb.ai/tahmidulkashfi15-international-islamic-university-chittagong/uncategorized/runs/2xbd5ow1,73
l4r92um5,lyric-sky-10,finished,2024-11-23T07:17:18Z,4,,https://wandb.ai/tahmidulkashfi15-international-islamic-university-chittagong/uncategorized/runs/l4r92um5,4
